State,County,Code
AL,Autauga County,AL-001
AL,Baldwin County,AL-003
AL,Barbour County,AL-005
AL,Bibb County,AL-007
AL,Blount County,AL-009
AL,Bullock County,AL-011
AL,Butler County,AL-013
AL,Calhoun County,AL-015
AL,Chambers County,AL-017
AL,Cherokee County,AL-019
AL,Chilton County,AL-021
AL,Choctaw County,AL-023
AL,Clarke County,AL-025
AL,Clay County,AL-027
AL,Cleburne County,AL-029
AL,Coffee County,AL-031
AL,Colbert County,AL-033
AL,Conecuh County,AL-035
AL,Coosa County,AL-037
AL,Covington County,AL-039
AL,Crenshaw County,AL-041
AL,Cullman County,AL-043
AL,Dale County,AL-045
AL,Dallas County,AL-047
AL,DeKalb County,AL-049
AL,Elmore County,AL-051
AL,Escambia County,AL-053
AL,Etowah County,AL-055
AL,Fayette County,AL-057
AL,Franklin County,AL-059
AL,Geneva County,AL-061
AL,Greene County,AL-063
AL,Hale County,AL-065
AL,Henry County,AL-067
AL,Houston County,AL-069
AL,Jackson County,AL-071
AL,Jefferson County,AL-073
AL,Lamar County,AL-075
AL,Lauderdale County,AL-077
AL,Lawrence County,AL-079
AL,Lee County,AL-081
AL,Limestone County,AL-083
AL,Lowndes County,AL-085
AL,Macon County,AL-087
AL,Madison County,AL-089
AL,Marengo County,AL-091
AL,Marion County,AL-093
AL,Marshall County,AL-095
AL,Mobile County,AL-097
AL,Monroe County,AL-099
AL,Montgomery County,AL-101
AL,Morgan County,AL-103
AL,Perry County,AL-105
AL,Pickens County,AL-107
AL,Pike County,AL-109
AL,Randolph County,AL-111
AL,Russell County,AL-113
AL,St. Clair County,AL-115
AL,Shelby County,AL-117
AL,Sumter County,AL-119
AL,Talladega County,AL-121
AL,Tallapoosa County,AL-123
AL,Tuscaloosa County,AL-125
AL,Walker County,AL-127
AL,Washington County,AL-129
AL,Wilcox County,AL-131
AL,Winston County,AL-133
AZ,Apache County,AZ-001
AZ,Cochise County,AZ-003
AZ,Coconino County,AZ-005
AZ,Gila County,AZ-007
AZ,Graham County,AZ-009
AZ,Greenlee County,AZ-011
AZ,La Paz County,AZ-012
AZ,Maricopa County,AZ-013
AZ,Mohave County,AZ-015
AZ,Navajo County,AZ-017
AZ,Pima County,AZ-019
AZ,Pinal County,AZ-021
AZ,Santa Cruz County,AZ-023
AZ,Yavapai County,AZ-025
AZ,Yuma County,AZ-027
AR,Arkansas County,AR-001
AR,Ashley County,AR-003
AR,Baxter County,AR-005
AR,Benton County,AR-007
AR,Boone County,AR-009
AR,Bradley County,AR-011
AR,Calhoun County,AR-013
AR,Carroll County,AR-015
AR,Chicot County,AR-017
AR,Clark County,AR-019
AR,Clay County,AR-021
AR,Cleburne County,AR-023
AR,Cleveland County,AR-025
AR,Columbia County,AR-027
AR,Conway County,AR-029
AR,Craighead County,AR-031
AR,Crawford County,AR-033
AR,Crittenden County,AR-035
AR,Cross County,AR-037
AR,Dallas County,AR-039
AR,Desha County,AR-041
AR,Drew County,AR-043
AR,Faulkner County,AR-045
AR,Franklin County,AR-047
AR,Fulton County,AR-049
AR,Garland County,AR-051
AR,Grant County,AR-053
AR,Greene County,AR-055
AR,Hempstead County,AR-057
AR,Hot Spring County,AR-059
AR,Howard County,AR-061
AR,Independence County,AR-063
AR,Izard County,AR-065
AR,Jackson County,AR-067
AR,Jefferson County,AR-069
AR,Johnson County,AR-071
AR,Lafayette County,AR-073
AR,Lawrence County,AR-075
AR,Lee County,AR-077
AR,Lincoln County,AR-079
AR,Little River County,AR-081
AR,Logan County,AR-083
AR,Lonoke County,AR-085
AR,Madison County,AR-087
AR,Marion County,AR-089
AR,Miller County,AR-091
AR,Mississippi County,AR-093
AR,Monroe County,AR-095
AR,Montgomery County,AR-097
AR,Nevada County,AR-099
AR,Newton County,AR-101
AR,Ouachita County,AR-103
AR,Perry County,AR-105
AR,Phillips County,AR-107
AR,Pike County,AR-109
AR,Poinsett County,AR-111
AR,Polk County,AR-113
AR,Pope County,AR-115
AR,Prairie County,AR-117
AR,Pulaski County,AR-119
AR,Randolph County,AR-121
AR,St. Francis County,AR-123
AR,Saline County,AR-125
AR,Scott County,AR-127
AR,Searcy County,AR-129
AR,Sebastian County,AR-131
AR,Sevier County,AR-133
AR,Sharp County,AR-135
AR,Stone County,AR-137
AR,Union County,AR-139
AR,Van Buren County,AR-141
AR,Washington County,AR-143
AR,White County,AR-145
AR,Woodruff County,AR-147
AR,Yell County,AR-149
CA,Alameda County,CA-001
CA,Alpine County,CA-003
CA,Amador County,CA-005
CA,Butte County,CA-007
CA,Calaveras County,CA-009
CA,Colusa County,CA-011
CA,Contra Costa County,CA-013
CA,Del Norte County,CA-015
CA,El Dorado County,CA-017
CA,Fresno County,CA-019
CA,Glenn County,CA-021
CA,Humboldt County,CA-023
CA,Imperial County,CA-025
CA,Inyo County,CA-027
CA,Kern County,CA-029
CA,Kings County,CA-031
CA,Lake County,CA-033
CA,Lassen County,CA-035
CA,Los Angeles County,CA-037
CA,Madera County,CA-039
CA,Marin County,CA-041
CA,Mariposa County,CA-043
CA,Mendocino County,CA-045
CA,Merced County,CA-047
CA,Modoc County,CA-049
CA,Mono County,CA-051
CA,Monterey County,CA-053
CA,Napa County,CA-055
CA,Nevada County,CA-057
CA,Orange County,CA-059
CA,Placer County,CA-061
CA,Plumas County,CA-063
CA,Riverside County,CA-065
CA,Sacramento County,CA-067
CA,San Benito County,CA-069
CA,San Bernardino County,CA-071
CA,San Diego County,CA-073
CA,San Francisco County,CA-075
CA,San Joaquin County,CA-077
CA,San Luis Obispo County,CA-079
CA,San Mateo County,CA-081
CA,Santa Barbara County,CA-083
CA,Santa Clara County,CA-085
CA,Santa Cruz County,CA-087
CA,Shasta County,CA-089
CA,Sierra County,CA-091
CA,Siskiyou County,CA-093
CA,Solano County,CA-095
CA,Sonoma County,CA-097
CA,Stanislaus County,CA-099
CA,Sutter County,CA-101
CA,Tehama County,CA-103
CA,Trinity County,CA-105
CA,Tulare County,CA-107
CA,Tuolumne County,CA-109
CA,Ventura County,CA-111
CA,Yolo County,CA-113
CA,Yuba County,CA-115
CO,Adams County,CO-001
CO,Alamosa County,CO-003
CO,Arapahoe County,CO-005
CO,Archuleta County,CO-007
CO,Baca County,CO-009
CO,Bent County,CO-011
CO,Boulder County,CO-013
CO,Broomfield County,CO-014
CO,Chaffee County,CO-015
CO,Cheyenne County,CO-017
CO,Clear Creek County,CO-019
CO,Conejos County,CO-021
CO,Costilla County,CO-023
CO,Crowley County,CO-025
CO,Custer County,CO-027
CO,Delta County,CO-029
CO,Denver County,CO-031
CO,Dolores County,CO-033
CO,Douglas County,CO-035
CO,Eagle County,CO-037
CO,Elbert County,CO-039
CO,El Paso County,CO-041
CO,Fremont County,CO-043
CO,Garfield County,CO-045
CO,Gilpin County,CO-047
CO,Grand County,CO-049
CO,Gunnison County,CO-051
CO,Hinsdale County,CO-053
CO,Huerfano County,CO-055
CO,Jackson County,CO-057
CO,Jefferson County,CO-059
CO,Kiowa County,CO-061
CO,Kit Carson County,CO-063
CO,Lake County,CO-065
CO,La Plata County,CO-067
CO,Larimer County,CO-069
CO,Las Animas County,CO-071
CO,Lincoln County,CO-073
CO,Logan County,CO-075
CO,Mesa County,CO-077
CO,Mineral County,CO-079
CO,Moffat County,CO-081
CO,Montezuma County,CO-083
CO,Montrose County,CO-085
CO,Morgan County,CO-087
CO,Otero County,CO-089
CO,Ouray County,CO-091
CO,Park County,CO-093
CO,Phillips County,CO-095
CO,Pitkin County,CO-097
CO,Prowers County,CO-099
CO,Pueblo County,CO-101
CO,Rio Blanco County,CO-103
CO,Rio Grande County,CO-105
CO,Routt County,CO-107
CO,Saguache County,CO-109
CO,San Juan County,CO-111
CO,San Miguel County,CO-113
CO,Sedgwick County,CO-115
CO,Summit County,CO-117
CO,Teller County,CO-119
CO,Washington County,CO-121
CO,Weld County,CO-123
CO,Yuma County,CO-125
CT,Fairfield County,CT-001
CT,Hartford County,CT-003
CT,Litchfield County,CT-005
CT,Middlesex County,CT-007
CT,New Haven County,CT-009
CT,New London County,CT-011
CT,Tolland County,CT-013
CT,Windham County,CT-015
DE,Kent County,DE-001
DE,New Castle County,DE-003
DE,Sussex County,DE-005
FL,Alachua County,FL-001
FL,Baker County,FL-003
FL,Bay County,FL-005
FL,Bradford County,FL-007
FL,Brevard County,FL-009
FL,Broward County,FL-011
FL,Calhoun County,FL-013
FL,Charlotte County,FL-015
FL,Citrus County,FL-017
FL,Clay County,FL-019
FL,Collier County,FL-021
FL,Columbia County,FL-023
FL,DeSoto County,FL-027
FL,Dixie County,FL-029
FL,Duval County,FL-031
FL,Escambia County,FL-033
FL,Flagler County,FL-035
FL,Franklin County,FL-037
FL,Gadsden County,FL-039
FL,Gilchrist County,FL-041
FL,Glades County,FL-043
FL,Gulf County,FL-045
FL,Hamilton County,FL-047
FL,Hardee County,FL-049
FL,Hendry County,FL-051
FL,Hernando County,FL-053
FL,Highlands County,FL-055
FL,Hillsborough County,FL-057
FL,Holmes County,FL-059
FL,Indian River County,FL-061
FL,Jackson County,FL-063
FL,Jefferson County,FL-065
FL,Lafayette County,FL-067
FL,Lake County,FL-069
FL,Lee County,FL-071
FL,Leon County,FL-073
FL,Levy County,FL-075
FL,Liberty County,FL-077
FL,Madison County,FL-079
FL,Manatee County,FL-081
FL,Marion County,FL-083
FL,Martin County,FL-085
FL,Miami-Dade County,FL-086
FL,Monroe County,FL-087
FL,Nassau County,FL-089
FL,Okaloosa County,FL-091
FL,Okeechobee County,FL-093
FL,Orange County,FL-095
FL,Osceola County,FL-097
FL,Palm Beach County,FL-099
FL,Pasco County,FL-101
FL,Pinellas County,FL-103
FL,Polk County,FL-105
FL,Putnam County,FL-107
FL,St. Johns County,FL-109
FL,St. Lucie County,FL-111
FL,Santa Rosa County,FL-113
FL,Sarasota County,FL-115
FL,Seminole County,FL-117
FL,Sumter County,FL-119
FL,Suwannee County,FL-121
FL,Taylor County,FL-123
FL,Union County,FL-125
FL,Volusia County,FL-127
FL,Wakulla County,FL-129
FL,Walton County,FL-131
FL,Washington County,FL-133
GA,Appling County,GA-001
GA,Atkinson County,GA-003
GA,Bacon County,GA-005
GA,Baker County,GA-007
GA,Baldwin County,GA-009
GA,Banks County,GA-011
GA,Barrow County,GA-013
GA,Bartow County,GA-015
GA,Ben Hill County,GA-017
GA,Berrien County,GA-019
GA,Bibb County,GA-021
GA,Bleckley County,GA-023
GA,Brantley County,GA-025
GA,Brooks County,GA-027
GA,Bryan County,GA-029
GA,Bulloch County,GA-031
GA,Burke County,GA-033
GA,Butts County,GA-035
GA,Calhoun County,GA-037
GA,Camden County,GA-039
GA,Candler County,GA-043
GA,Carroll County,GA-045
GA,Catoosa County,GA-047
GA,Charlton County,GA-049
GA,Chatham County,GA-051
GA,Chattahoochee County,GA-053
GA,Chattooga County,GA-055
GA,Cherokee County,GA-057
GA,Clarke County,GA-059
GA,Clay County,GA-061
GA,Clayton County,GA-063
GA,Clinch County,GA-065
GA,Cobb County,GA-067
GA,Coffee County,GA-069
GA,Colquitt County,GA-071
GA,Columbia County,GA-073
GA,Cook County,GA-075
GA,Coweta County,GA-077
GA,Crawford County,GA-079
GA,Crisp County,GA-081
GA,Dade County,GA-083
GA,Dawson County,GA-085
GA,Decatur County,GA-087
GA,DeKalb County,GA-089
GA,Dodge County,GA-091
GA,Dooly County,GA-093
GA,Dougherty County,GA-095
GA,Douglas County,GA-097
GA,Early County,GA-099
GA,Echols County,GA-101
GA,Effingham County,GA-103
GA,Elbert County,GA-105
GA,Emanuel County,GA-107
GA,Evans County,GA-109
GA,Fannin County,GA-111
GA,Fayette County,GA-113
GA,Floyd County,GA-115
GA,Forsyth County,GA-117
GA,Franklin County,GA-119
GA,Fulton County,GA-121
GA,Gilmer County,GA-123
GA,Glascock County,GA-125
GA,Glynn County,GA-127
GA,Gordon County,GA-129
GA,Grady County,GA-131
GA,Greene County,GA-133
GA,Gwinnett County,GA-135
GA,Habersham County,GA-137
GA,Hall County,GA-139
GA,Hancock County,GA-141
GA,Haralson County,GA-143
GA,Harris County,GA-145
GA,Hart County,GA-147
GA,Heard County,GA-149
GA,Henry County,GA-151
GA,Houston County,GA-153
GA,Irwin County,GA-155
GA,Jackson County,GA-157
GA,Jasper County,GA-159
GA,Jeff Davis County,GA-161
GA,Jefferson County,GA-163
GA,Jenkins County,GA-165
GA,Johnson County,GA-167
GA,Jones County,GA-169
GA,Lamar County,GA-171
GA,Lanier County,GA-173
GA,Laurens County,GA-175
GA,Lee County,GA-177
GA,Liberty County,GA-179
GA,Lincoln County,GA-181
GA,Long County,GA-183
GA,Lowndes County,GA-185
GA,Lumpkin County,GA-187
GA,McDuffie County,GA-189
GA,McIntosh County,GA-191
GA,Macon County,GA-193
GA,Madison County,GA-195
GA,Marion County,GA-197
GA,Meriwether County,GA-199
GA,Miller County,GA-201
GA,Mitchell County,GA-205
GA,Monroe County,GA-207
GA,Montgomery County,GA-209
GA,Morgan County,GA-211
GA,Murray County,GA-213
GA,Muscogee County,GA-215
GA,Newton County,GA-217
GA,Oconee County,GA-219
GA,Oglethorpe County,GA-221
GA,Paulding County,GA-223
GA,Peach County,GA-225
GA,Pickens County,GA-227
GA,Pierce County,GA-229
GA,Pike County,GA-231
GA,Polk County,GA-233
GA,Pulaski County,GA-235
GA,Putnam County,GA-237
GA,Quitman County,GA-239
GA,Rabun County,GA-241
GA,Randolph County,GA-243
GA,Richmond County,GA-245
GA,Rockdale County,GA-247
GA,Schley County,GA-249
GA,Screven County,GA-251
GA,Seminole County,GA-253
GA,Spalding County,GA-255
GA,Stephens County,GA-257
GA,Stewart County,GA-259
GA,Sumter County,GA-261
GA,Talbot County,GA-263
GA,Taliaferro County,GA-265
GA,Tattnall County,GA-267
GA,Taylor County,GA-269
GA,Telfair County,GA-271
GA,Terrell County,GA-273
GA,Thomas County,GA-275
GA,Tift County,GA-277
GA,Toombs County,GA-279
GA,Towns County,GA-281
GA,Treutlen County,GA-283
GA,Troup County,GA-285
GA,Turner County,GA-287
GA,Twiggs County,GA-289
GA,Union County,GA-291
GA,Upson County,GA-293
GA,Walker County,GA-295
GA,Walton County,GA-297
GA,Ware County,GA-299
GA,Warren County,GA-301
GA,Washington County,GA-303
GA,Wayne County,GA-305
GA,Webster County,GA-307
GA,Wheeler County,GA-309
GA,White County,GA-311
GA,Whitfield County,GA-313
GA,Wilcox County,GA-315
GA,Wilkes County,GA-317
GA,Wilkinson County,GA-319
GA,Worth County,GA-321
ID,Ada County,ID-001
ID,Adams County,ID-003
ID,Bannock County,ID-005
ID,Bear Lake County,ID-007
ID,Benewah County,ID-009
ID,Bingham County,ID-011
ID,Blaine County,ID-013
ID,Boise County,ID-015
ID,Bonner County,ID-017
ID,Bonneville County,ID-019
ID,Boundary County,ID-021
ID,Butte County,ID-023
ID,Camas County,ID-025
ID,Canyon County,ID-027
ID,Caribou County,ID-029
ID,Cassia County,ID-031
ID,Clark County,ID-033
ID,Clearwater County,ID-035
ID,Custer County,ID-037
ID,Elmore County,ID-039
ID,Franklin County,ID-041
ID,Fremont County,ID-043
ID,Gem County,ID-045
ID,Gooding County,ID-047
ID,Idaho County,ID-049
ID,Jefferson County,ID-051
ID,Jerome County,ID-053
ID,Kootenai County,ID-055
ID,Latah County,ID-057
ID,Lemhi County,ID-059
ID,Lewis County,ID-061
ID,Lincoln County,ID-063
ID,Madison County,ID-065
ID,Minidoka County,ID-067
ID,Nez Perce County,ID-069
ID,Oneida County,ID-071
ID,Owyhee County,ID-073
ID,Payette County,ID-075
ID,Power County,ID-077
ID,Shoshone County,ID-079
ID,Teton County,ID-081
ID,Twin Falls County,ID-083
ID,Valley County,ID-085
ID,Washington County,ID-087
IL,Adams County,IL-001
IL,Alexander County,IL-003
IL,Bond County,IL-005
IL,Boone County,IL-007
IL,Brown County,IL-009
IL,Bureau County,IL-011
IL,Calhoun County,IL-013
IL,Carroll County,IL-015
IL,Cass County,IL-017
IL,Champaign County,IL-019
IL,Christian County,IL-021
IL,Clark County,IL-023
IL,Clay County,IL-025
IL,Clinton County,IL-027
IL,Coles County,IL-029
IL,Cook County,IL-031
IL,Crawford County,IL-033
IL,Cumberland County,IL-035
IL,DeKalb County,IL-037
IL,De Witt County,IL-039
IL,Douglas County,IL-041
IL,DuPage County,IL-043
IL,Edgar County,IL-045
IL,Edwards County,IL-047
IL,Effingham County,IL-049
IL,Fayette County,IL-051
IL,Ford County,IL-053
IL,Franklin County,IL-055
IL,Fulton County,IL-057
IL,Gallatin County,IL-059
IL,Greene County,IL-061
IL,Grundy County,IL-063
IL,Hamilton County,IL-065
IL,Hancock County,IL-067
IL,Hardin County,IL-069
IL,Henderson County,IL-071
IL,Henry County,IL-073
IL,Iroquois County,IL-075
IL,Jackson County,IL-077
IL,Jasper County,IL-079
IL,Jefferson County,IL-081
IL,Jersey County,IL-083
IL,Jo Daviess County,IL-085
IL,Johnson County,IL-087
IL,Kane County,IL-089
IL,Kankakee County,IL-091
IL,Kendall County,IL-093
IL,Knox County,IL-095
IL,Lake County,IL-097
IL,LaSalle County,IL-099
IL,Lawrence County,IL-101
IL,Lee County,IL-103
IL,Livingston County,IL-105
IL,Logan County,IL-107
IL,McDonough County,IL-109
IL,McHenry County,IL-111
IL,McLean County,IL-113
IL,Macon County,IL-115
IL,Macoupin County,IL-117
IL,Madison County,IL-119
IL,Marion County,IL-121
IL,Marshall County,IL-123
IL,Mason County,IL-125
IL,Massac County,IL-127
IL,Menard County,IL-129
IL,Mercer County,IL-131
IL,Monroe County,IL-133
IL,Montgomery County,IL-135
IL,Morgan County,IL-137
IL,Moultrie County,IL-139
IL,Ogle County,IL-141
IL,Peoria County,IL-143
IL,Perry County,IL-145
IL,Piatt County,IL-147
IL,Pike County,IL-149
IL,Pope County,IL-151
IL,Pulaski County,IL-153
IL,Putnam County,IL-155
IL,Randolph County,IL-157
IL,Richland County,IL-159
IL,Rock Island County,IL-161
IL,St. Clair County,IL-163
IL,Saline County,IL-165
IL,Sangamon County,IL-167
IL,Schuyler County,IL-169
IL,Scott County,IL-171
IL,Shelby County,IL-173
IL,Stark County,IL-175
IL,Stephenson County,IL-177
IL,Tazewell County,IL-179
IL,Union County,IL-181
IL,Vermilion County,IL-183
IL,Wabash County,IL-185
IL,Warren County,IL-187
IL,Washington County,IL-189
IL,Wayne County,IL-191
IL,White County,IL-193
IL,Whiteside County,IL-195
IL,Will County,IL-197
IL,Williamson County,IL-199
IL,Winnebago County,IL-201
IL,Woodford County,IL-203
IN,Adams County,IN-001
IN,Allen County,IN-003
IN,Bartholomew County,IN-005
IN,Benton County,IN-007
IN,Blackford County,IN-009
IN,Boone County,IN-011
IN,Brown County,IN-013
IN,Carroll County,IN-015
IN,Cass County,IN-017
IN,Clark County,IN-019
IN,Clay County,IN-021
IN,Clinton County,IN-023
IN,Crawford County,IN-025
IN,Daviess County,IN-027
IN,Dearborn County,IN-029
IN,Decatur County,IN-031
IN,DeKalb County,IN-033
IN,Delaware County,IN-035
IN,Dubois County,IN-037
IN,Elkhart County,IN-039
IN,Fayette County,IN-041
IN,Floyd County,IN-043
IN,Fountain County,IN-045
IN,Franklin County,IN-047
IN,Fulton County,IN-049
IN,Gibson County,IN-051
IN,Grant County,IN-053
IN,Greene County,IN-055
IN,Hamilton County,IN-057
IN,Hancock County,IN-059
IN,Harrison County,IN-061
IN,Hendricks County,IN-063
IN,Henry County,IN-065
IN,Howard County,IN-067
IN,Huntington County,IN-069
IN,Jackson County,IN-071
IN,Jasper County,IN-073
IN,Jay County,IN-075
IN,Jefferson County,IN-077
IN,Jennings County,IN-079
IN,Johnson County,IN-081
IN,Knox County,IN-083
IN,Kosciusko County,IN-085
IN,LaGrange County,IN-087
IN,Lake County,IN-089
IN,LaPorte County,IN-091
IN,Lawrence County,IN-093
IN,Madison County,IN-095
IN,Marion County,IN-097
IN,Marshall County,IN-099
IN,Martin County,IN-101
IN,Miami County,IN-103
IN,Monroe County,IN-105
IN,Montgomery County,IN-107
IN,Morgan County,IN-109
IN,Newton County,IN-111
IN,Noble County,IN-113
IN,Ohio County,IN-115
IN,Orange County,IN-117
IN,Owen County,IN-119
IN,Parke County,IN-121
IN,Perry County,IN-123
IN,Pike County,IN-125
IN,Porter County,IN-127
IN,Posey County,IN-129
IN,Pulaski County,IN-131
IN,Putnam County,IN-133
IN,Randolph County,IN-135
IN,Ripley County,IN-137
IN,Rush County,IN-139
IN,St. Joseph County,IN-141
IN,Scott County,IN-143
IN,Shelby County,IN-145
IN,Spencer County,IN-147
IN,Starke County,IN-149
IN,Steuben County,IN-151
IN,Sullivan County,IN-153
IN,Switzerland County,IN-155
IN,Tippecanoe County,IN-157
IN,Tipton County,IN-159
IN,Union County,IN-161
IN,Vanderburgh County,IN-163
IN,Vermillion County,IN-165
IN,Vigo County,IN-167
IN,Wabash County,IN-169
IN,Warren County,IN-171
IN,Warrick County,IN-173
IN,Washington County,IN-175
IN,Wayne County,IN-177
IN,Wells County,IN-179
IN,White County,IN-181
IN,Whitley County,IN-183
IA,Adair County,IA-001
IA,Adams County,IA-003
IA,Allamakee County,IA-005
IA,Appanoose County,IA-007
IA,Audubon County,IA-009
IA,Benton County,IA-011
IA,Black Hawk County,IA-013
IA,Boone County,IA-015
IA,Bremer County,IA-017
IA,Buchanan County,IA-019
IA,Buena Vista County,IA-021
IA,Butler County,IA-023
IA,Calhoun County,IA-025
IA,Carroll County,IA-027
IA,Cass County,IA-029
IA,Cedar County,IA-031
IA,Cerro Gordo County,IA-033
IA,Cherokee County,IA-035
IA,Chickasaw County,IA-037
IA,Clarke County,IA-039
IA,Clay County,IA-041
IA,Clayton County,IA-043
IA,Clinton County,IA-045
IA,Crawford County,IA-047
IA,Dallas County,IA-049
IA,Davis County,IA-051
IA,Decatur County,IA-053
IA,Delaware County,IA-055
IA,Des Moines County,IA-057
IA,Dickinson County,IA-059
IA,Dubuque County,IA-061
IA,Emmet County,IA-063
IA,Fayette County,IA-065
IA,Floyd County,IA-067
IA,Franklin County,IA-069
IA,Fremont County,IA-071
IA,Greene County,IA-073
IA,Grundy County,IA-075
IA,Guthrie County,IA-077
IA,Hamilton County,IA-079
IA,Hancock County,IA-081
IA,Hardin County,IA-083
IA,Harrison County,IA-085
IA,Henry County,IA-087
IA,Howard County,IA-089
IA,Humboldt County,IA-091
IA,Ida County,IA-093
IA,Iowa County,IA-095
IA,Jackson County,IA-097
IA,Jasper County,IA-099
IA,Jefferson County,IA-101
IA,Johnson County,IA-103
IA,Jones County,IA-105
IA,Keokuk County,IA-107
IA,Kossuth County,IA-109
IA,Lee County,IA-111
IA,Linn County,IA-113
IA,Louisa County,IA-115
IA,Lucas County,IA-117
IA,Lyon County,IA-119
IA,Madison County,IA-121
IA,Mahaska County,IA-123
IA,Marion County,IA-125
IA,Marshall County,IA-127
IA,Mills County,IA-129
IA,Mitchell County,IA-131
IA,Monona County,IA-133
IA,Monroe County,IA-135
IA,Montgomery County,IA-137
IA,Muscatine County,IA-139
IA,O'Brien County,IA-141
IA,Osceola County,IA-143
IA,Page County,IA-145
IA,Palo Alto County,IA-147
IA,Plymouth County,IA-149
IA,Pocahontas County,IA-151
IA,Polk County,IA-153
IA,Pottawattamie County,IA-155
IA,Poweshiek County,IA-157
IA,Ringgold County,IA-159
IA,Sac County,IA-161
IA,Scott County,IA-163
IA,Shelby County,IA-165
IA,Sioux County,IA-167
IA,Story County,IA-169
IA,Tama County,IA-171
IA,Taylor County,IA-173
IA,Union County,IA-175
IA,Van Buren County,IA-177
IA,Wapello County,IA-179
IA,Warren County,IA-181
IA,Washington County,IA-183
IA,Wayne County,IA-185
IA,Webster County,IA-187
IA,Winnebago County,IA-189
IA,Winneshiek County,IA-191
IA,Woodbury County,IA-193
IA,Worth County,IA-195
IA,Wright County,IA-197
KS,Allen County,KS-001
KS,Anderson County,KS-003
KS,Atchison County,KS-005
KS,Barber County,KS-007
KS,Barton County,KS-009
KS,Bourbon County,KS-011
KS,Brown County,KS-013
KS,Butler County,KS-015
KS,Chase County,KS-017
KS,Chautauqua County,KS-019
KS,Cherokee County,KS-021
KS,Cheyenne County,KS-023
KS,Clark County,KS-025
KS,Clay County,KS-027
KS,Cloud County,KS-029
KS,Coffey County,KS-031
KS,Comanche County,KS-033
KS,Cowley County,KS-035
KS,Crawford County,KS-037
KS,Decatur County,KS-039
KS,Dickinson County,KS-041
KS,Doniphan County,KS-043
KS,Douglas County,KS-045
KS,Edwards County,KS-047
KS,Elk County,KS-049
KS,Ellis County,KS-051
KS,Ellsworth County,KS-053
KS,Finney County,KS-055
KS,Ford County,KS-057
KS,Franklin County,KS-059
KS,Geary County,KS-061
KS,Gove County,KS-063
KS,Graham County,KS-065
KS,Grant County,KS-067
KS,Gray County,KS-069
KS,Greeley County,KS-071
KS,Greenwood County,KS-073
KS,Hamilton County,KS-075
KS,Harper County,KS-077
KS,Harvey County,KS-079
KS,Haskell County,KS-081
KS,Hodgeman County,KS-083
KS,Jackson County,KS-085
KS,Jefferson County,KS-087
KS,Jewell County,KS-089
KS,Johnson County,KS-091
KS,Kearny County,KS-093
KS,Kingman County,KS-095
KS,Kiowa County,KS-097
KS,Labette County,KS-099
KS,Lane County,KS-101
KS,Leavenworth County,KS-103
KS,Lincoln County,KS-105
KS,Linn County,KS-107
KS,Logan County,KS-109
KS,Lyon County,KS-111
KS,McPherson County,KS-113
KS,Marion County,KS-115
KS,Marshall County,KS-117
KS,Meade County,KS-119
KS,Miami County,KS-121
KS,Mitchell County,KS-123
KS,Montgomery County,KS-125
KS,Morris County,KS-127
KS,Morton County,KS-129
KS,Nemaha County,KS-131
KS,Neosho County,KS-133
KS,Ness County,KS-135
KS,Norton County,KS-137
KS,Osage County,KS-139
KS,Osborne County,KS-141
KS,Ottawa County,KS-143
KS,Pawnee County,KS-145
KS,Phillips County,KS-147
KS,Pottawatomie County,KS-149
KS,Pratt County,KS-151
KS,Rawlins County,KS-153
KS,Reno County,KS-155
KS,Republic County,KS-157
KS,Rice County,KS-159
KS,Riley County,KS-161
KS,Rooks County,KS-163
KS,Rush County,KS-165
KS,Russell County,KS-167
KS,Saline County,KS-169
KS,Scott County,KS-171
KS,Sedgwick County,KS-173
KS,Seward County,KS-175
KS,Shawnee County,KS-177
KS,Sheridan County,KS-179
KS,Sherman County,KS-181
KS,Smith County,KS-183
KS,Stafford County,KS-185
KS,Stanton County,KS-187
KS,Stevens County,KS-189
KS,Sumner County,KS-191
KS,Thomas County,KS-193
KS,Trego County,KS-195
KS,Wabaunsee County,KS-197
KS,Wallace County,KS-199
KS,Washington County,KS-201
KS,Wichita County,KS-203
KS,Wilson County,KS-205
KS,Woodson County,KS-207
KS,Wyandotte County,KS-209
KY,Adair County,KY-001
KY,Allen County,KY-003
KY,Anderson County,KY-005
KY,Ballard County,KY-007
KY,Barren County,KY-009
KY,Bath County,KY-011
KY,Bell County,KY-013
KY,Boone County,KY-015
KY,Bourbon County,KY-017
KY,Boyd County,KY-019
KY,Boyle County,KY-021
KY,Bracken County,KY-023
KY,Breathitt County,KY-025
KY,Breckinridge County,KY-027
KY,Bullitt County,KY-029
KY,Butler County,KY-031
KY,Caldwell County,KY-033
KY,Calloway County,KY-035
KY,Campbell County,KY-037
KY,Carlisle County,KY-039
KY,Carroll County,KY-041
KY,Carter County,KY-043
KY,Casey County,KY-045
KY,Christian County,KY-047
KY,Clark County,KY-049
KY,Clay County,KY-051
KY,Clinton County,KY-053
KY,Crittenden County,KY-055
KY,Cumberland County,KY-057
KY,Daviess County,KY-059
KY,Edmonson County,KY-061
KY,Elliott County,KY-063
KY,Estill County,KY-065
KY,Fayette County,KY-067
KY,Fleming County,KY-069
KY,Floyd County,KY-071
KY,Franklin County,KY-073
KY,Fulton County,KY-075
KY,Gallatin County,KY-077
KY,Garrard County,KY-079
KY,Grant County,KY-081
KY,Graves County,KY-083
KY,Grayson County,KY-085
KY,Green County,KY-087
KY,Greenup County,KY-089
KY,Hancock County,KY-091
KY,Hardin County,KY-093
KY,Harlan County,KY-095
KY,Harrison County,KY-097
KY,Hart County,KY-099
KY,Henderson County,KY-101
KY,Henry County,KY-103
KY,Hickman County,KY-105
KY,Hopkins County,KY-107
KY,Jackson County,KY-109
KY,Jefferson County,KY-111
KY,Jessamine County,KY-113
KY,Johnson County,KY-115
KY,Kenton County,KY-117
KY,Knott County,KY-119
KY,Knox County,KY-121
KY,Larue County,KY-123
KY,Laurel County,KY-125
KY,Lawrence County,KY-127
KY,Lee County,KY-129
KY,Leslie County,KY-131
KY,Letcher County,KY-133
KY,Lewis County,KY-135
KY,Lincoln County,KY-137
KY,Livingston County,KY-139
KY,Logan County,KY-141
KY,Lyon County,KY-143
KY,McCracken County,KY-145
KY,McCreary County,KY-147
KY,McLean County,KY-149
KY,Madison County,KY-151
KY,Magoffin County,KY-153
KY,Marion County,KY-155
KY,Marshall County,KY-157
KY,Martin County,KY-159
KY,Mason County,KY-161
KY,Meade County,KY-163
KY,Menifee County,KY-165
KY,Mercer County,KY-167
KY,Metcalfe County,KY-169
KY,Monroe County,KY-171
KY,Montgomery County,KY-173
KY,Morgan County,KY-175
KY,Muhlenberg County,KY-177
KY,Nelson County,KY-179
KY,Nicholas County,KY-181
KY,Ohio County,KY-183
KY,Oldham County,KY-185
KY,Owen County,KY-187
KY,Owsley County,KY-189
KY,Pendleton County,KY-191
KY,Perry County,KY-193
KY,Pike County,KY-195
KY,Powell County,KY-197
KY,Pulaski County,KY-199
KY,Robertson County,KY-201
KY,Rockcastle County,KY-203
KY,Rowan County,KY-205
KY,Russell County,KY-207
KY,Scott County,KY-209
KY,Shelby County,KY-211
KY,Simpson County,KY-213
KY,Spencer County,KY-215
KY,Taylor County,KY-217
KY,Todd County,KY-219
KY,Trigg County,KY-221
KY,Trimble County,KY-223
KY,Union County,KY-225
KY,Warren County,KY-227
KY,Washington County,KY-229
KY,Wayne County,KY-231
KY,Webster County,KY-233
KY,Whitley County,KY-235
KY,Wolfe County,KY-237
KY,Woodford County,KY-239
LA,Acadia Parish,LA-001
LA,Allen Parish,LA-003
LA,Ascension Parish,LA-005
LA,Assumption Parish,LA-007
LA,Avoyelles Parish,LA-009
LA,Beauregard Parish,LA-011
LA,Bienville Parish,LA-013
LA,Bossier Parish,LA-015
LA,Caddo Parish,LA-017
LA,Calcasieu Parish,LA-019
LA,Caldwell Parish,LA-021
LA,Cameron Parish,LA-023
LA,Catahoula Parish,LA-025
LA,Claiborne Parish,LA-027
LA,Concordia Parish,LA-029
LA,De Soto Parish,LA-031
LA,East Baton Rouge Parish,LA-033
LA,East Carroll Parish,LA-035
LA,East Feliciana Parish,LA-037
LA,Evangeline Parish,LA-039
LA,Franklin Parish,LA-041
LA,Grant Parish,LA-043
LA,Iberia Parish,LA-045
LA,Iberville Parish,LA-047
LA,Jackson Parish,LA-049
LA,Jefferson Parish,LA-051
LA,Jefferson Davis Parish,LA-053
LA,Lafayette Parish,LA-055
LA,Lafourche Parish,LA-057
LA,La Salle Parish,LA-059
LA,Lincoln Parish,LA-061
LA,Livingston Parish,LA-063
LA,Madison Parish,LA-065
LA,Morehouse Parish,LA-067
LA,Natchitoches Parish,LA-069
LA,Orleans Parish,LA-071
LA,Ouachita Parish,LA-073
LA,Plaquemines Parish,LA-075
LA,Pointe Coupee Parish,LA-077
LA,Rapides Parish,LA-079
LA,Red River Parish,LA-081
LA,Richland Parish,LA-083
LA,Sabine Parish,LA-085
LA,St. Bernard Parish,LA-087
LA,St. Charles Parish,LA-089
LA,St. Helena Parish,LA-091
LA,St. James Parish,LA-093
LA,St. John the Baptist Parish,LA-095
LA,St. Landry Parish,LA-097
LA,St. Martin Parish,LA-099
LA,St. Mary Parish,LA-101
LA,St. Tammany Parish,LA-103
LA,Tangipahoa Parish,LA-105
LA,Tensas Parish,LA-107
LA,Terrebonne Parish,LA-109
LA,Union Parish,LA-111
LA,Vermilion Parish,LA-113
LA,Vernon Parish,LA-115
LA,Washington Parish,LA-117
LA,Webster Parish,LA-119
LA,West Baton Rouge Parish,LA-121
LA,West Carroll Parish,LA-123
LA,West Feliciana Parish,LA-125
LA,Winn Parish,LA-127
ME,Androscoggin County,ME-001
ME,Aroostook County,ME-003
ME,Cumberland County,ME-005
ME,Franklin County,ME-007
ME,Hancock County,ME-009
ME,Kennebec County,ME-011
ME,Knox County,ME-013
ME,Lincoln County,ME-015
ME,Oxford County,ME-017
ME,Penobscot County,ME-019
ME,Piscataquis County,ME-021
ME,Sagadahoc County,ME-023
ME,Somerset County,ME-025
ME,Waldo County,ME-027
ME,Washington County,ME-029
ME,York County,ME-031
MD,Allegany County,MD-001
MD,Anne Arundel County,MD-003
MD,Baltimore County,MD-005
MD,Calvert County,MD-009
MD,Caroline County,MD-011
MD,Carroll County,MD-013
MD,Cecil County,MD-015
MD,Charles County,MD-017
MD,Dorchester County,MD-019
MD,Frederick County,MD-021
MD,Garrett County,MD-023
MD,Harford County,MD-025
MD,Howard County,MD-027
MD,Kent County,MD-029
MD,Montgomery County,MD-031
MD,Prince George's County,MD-033
MD,Queen Anne's County,MD-035
MD,St. Mary's County,MD-037
MD,Somerset County,MD-039
MD,Talbot County,MD-041
MD,Washington County,MD-043
MD,Wicomico County,MD-045
MD,Worcester County,MD-047
MD,Baltimore City,MD-510
MA,Barnstable County,MA-001
MA,Berkshire County,MA-003
MA,Bristol County,MA-005
MA,Dukes County,MA-007
MA,Essex County,MA-009
MA,Franklin County,MA-011
MA,Hampden County,MA-013
MA,Hampshire County,MA-015
MA,Middlesex County,MA-017
MA,Nantucket County,MA-019
MA,Norfolk County,MA-021
MA,Plymouth County,MA-023
MA,Suffolk County,MA-025
MA,Worcester County,MA-027
MI,Alcona County,MI-001
MI,Alger County,MI-003
MI,Allegan County,MI-005
MI,Alpena County,MI-007
MI,Antrim County,MI-009
MI,Arenac County,MI-011
MI,Baraga County,MI-013
MI,Barry County,MI-015
MI,Bay County,MI-017
MI,Benzie County,MI-019
MI,Berrien County,MI-021
MI,Branch County,MI-023
MI,Calhoun County,MI-025
MI,Cass County,MI-027
MI,Charlevoix County,MI-029
MI,Cheboygan County,MI-031
MI,Chippewa County,MI-033
MI,Clare County,MI-035
MI,Clinton County,MI-037
MI,Crawford County,MI-039
MI,Delta County,MI-041
MI,Dickinson County,MI-043
MI,Eaton County,MI-045
MI,Emmet County,MI-047
MI,Genesee County,MI-049
MI,Gladwin County,MI-051
MI,Gogebic County,MI-053
MI,Grand Traverse County,MI-055
MI,Gratiot County,MI-057
MI,Hillsdale County,MI-059
MI,Houghton County,MI-061
MI,Huron County,MI-063
MI,Ingham County,MI-065
MI,Ionia County,MI-067
MI,Iosco County,MI-069
MI,Iron County,MI-071
MI,Isabella County,MI-073
MI,Jackson County,MI-075
MI,Kalamazoo County,MI-077
MI,Kalkaska County,MI-079
MI,Kent County,MI-081
MI,Keweenaw County,MI-083
MI,Lake County,MI-085
MI,Lapeer County,MI-087
MI,Leelanau County,MI-089
MI,Lenawee County,MI-091
MI,Livingston County,MI-093
MI,Luce County,MI-095
MI,Mackinac County,MI-097
MI,Macomb County,MI-099
MI,Manistee County,MI-101
MI,Marquette County,MI-103
MI,Mason County,MI-105
MI,Mecosta County,MI-107
MI,Menominee County,MI-109
MI,Midland County,MI-111
MI,Missaukee County,MI-113
MI,Monroe County,MI-115
MI,Montcalm County,MI-117
MI,Montmorency County,MI-119
MI,Muskegon County,MI-121
MI,Newaygo County,MI-123
MI,Oakland County,MI-125
MI,Oceana County,MI-127
MI,Ogemaw County,MI-129
MI,Ontonagon County,MI-131
MI,Osceola County,MI-133
MI,Oscoda County,MI-135
MI,Otsego County,MI-137
MI,Ottawa County,MI-139
MI,Presque Isle County,MI-141
MI,Roscommon County,MI-143
MI,Saginaw County,MI-145
MI,St. Clair County,MI-147
MI,St. Joseph County,MI-149
MI,Sanilac County,MI-151
MI,Schoolcraft County,MI-153
MI,Shiawassee County,MI-155
MI,Tuscola County,MI-157
MI,Van Buren County,MI-159
MI,Washtenaw County,MI-161
MI,Wayne County,MI-163
MI,Wexford County,MI-165
MN,Aitkin County,MN-001
MN,Anoka County,MN-003
MN,Becker County,MN-005
MN,Beltrami County,MN-007
MN,Benton County,MN-009
MN,Big Stone County,MN-011
MN,Blue Earth County,MN-013
MN,Brown County,MN-015
MN,Carlton County,MN-017
MN,Carver County,MN-019
MN,Cass County,MN-021
MN,Chippewa County,MN-023
MN,Chisago County,MN-025
MN,Clay County,MN-027
MN,Clearwater County,MN-029
MN,Cook County,MN-031
MN,Cottonwood County,MN-033
MN,Crow Wing County,MN-035
MN,Dakota County,MN-037
MN,Dodge County,MN-039
MN,Douglas County,MN-041
MN,Faribault County,MN-043
MN,Fillmore County,MN-045
MN,Freeborn County,MN-047
MN,Goodhue County,MN-049
MN,Grant County,MN-051
MN,Hennepin County,MN-053
MN,Houston County,MN-055
MN,Hubbard County,MN-057
MN,Isanti County,MN-059
MN,Itasca County,MN-061
MN,Jackson County,MN-063
MN,Kanabec County,MN-065
MN,Kandiyohi County,MN-067
MN,Kittson County,MN-069
MN,Koochiching County,MN-071
MN,Lac qui Parle County,MN-073
MN,Lake County,MN-075
MN,Lake of the Woods County,MN-077
MN,Le Sueur County,MN-079
MN,Lincoln County,MN-081
MN,Lyon County,MN-083
MN,McLeod County,MN-085
MN,Mahnomen County,MN-087
MN,Marshall County,MN-089
MN,Martin County,MN-091
MN,Meeker County,MN-093
MN,Mille Lacs County,MN-095
MN,Morrison County,MN-097
MN,Mower County,MN-099
MN,Murray County,MN-101
MN,Nicollet County,MN-103
MN,Nobles County,MN-105
MN,Norman County,MN-107
MN,Olmsted County,MN-109
MN,Otter Tail County,MN-111
MN,Pennington County,MN-113
MN,Pine County,MN-115
MN,Pipestone County,MN-117
MN,Polk County,MN-119
MN,Pope County,MN-121
MN,Ramsey County,MN-123
MN,Red Lake County,MN-125
MN,Redwood County,MN-127
MN,Renville County,MN-129
MN,Rice County,MN-131
MN,Rock County,MN-133
MN,Roseau County,MN-135
MN,St. Louis County,MN-137
MN,Scott County,MN-139
MN,Sherburne County,MN-141
MN,Sibley County,MN-143
MN,Stearns County,MN-145
MN,Steele County,MN-147
MN,Stevens County,MN-149
MN,Swift County,MN-151
MN,Todd County,MN-153
MN,Traverse County,MN-155
MN,Wabasha County,MN-157
MN,Wadena County,MN-159
MN,Waseca County,MN-161
MN,Washington County,MN-163
MN,Watonwan County,MN-165
MN,Wilkin County,MN-167
MN,Winona County,MN-169
MN,Wright County,MN-171
MN,Yellow Medicine County,MN-173
MS,Adams County,MS-001
MS,Alcorn County,MS-003
MS,Amite County,MS-005
MS,Attala County,MS-007
MS,Benton County,MS-009
MS,Bolivar County,MS-011
MS,Calhoun County,MS-013
MS,Carroll County,MS-015
MS,Chickasaw County,MS-017
MS,Choctaw County,MS-019
MS,Claiborne County,MS-021
MS,Clarke County,MS-023
MS,Clay County,MS-025
MS,Coahoma County,MS-027
MS,Copiah County,MS-029
MS,Covington County,MS-031
MS,DeSoto County,MS-033
MS,Forrest County,MS-035
MS,Franklin County,MS-037
MS,George County,MS-039
MS,Greene County,MS-041
MS,Grenada County,MS-043
MS,Hancock County,MS-045
MS,Harrison County,MS-047
MS,Hinds County,MS-049
MS,Holmes County,MS-051
MS,Humphreys County,MS-053
MS,Issaquena County,MS-055
MS,Itawamba County,MS-057
MS,Jackson County,MS-059
MS,Jasper County,MS-061
MS,Jefferson County,MS-063
MS,Jefferson Davis County,MS-065
MS,Jones County,MS-067
MS,Kemper County,MS-069
MS,Lafayette County,MS-071
MS,Lamar County,MS-073
MS,Lauderdale County,MS-075
MS,Lawrence County,MS-077
MS,Leake County,MS-079
MS,Lee County,MS-081
MS,Leflore County,MS-083
MS,Lincoln County,MS-085
MS,Lowndes County,MS-087
MS,Madison County,MS-089
MS,Marion County,MS-091
MS,Marshall County,MS-093
MS,Monroe County,MS-095
MS,Montgomery County,MS-097
MS,Neshoba County,MS-099
MS,Newton County,MS-101
MS,Noxubee County,MS-103
MS,Oktibbeha County,MS-105
MS,Panola County,MS-107
MS,Pearl River County,MS-109
MS,Perry County,MS-111
MS,Pike County,MS-113
MS,Pontotoc County,MS-115
MS,Prentiss County,MS-117
MS,Quitman County,MS-119
MS,Rankin County,MS-121
MS,Scott County,MS-123
MS,Sharkey County,MS-125
MS,Simpson County,MS-127
MS,Smith County,MS-129
MS,Stone County,MS-131
MS,Sunflower County,MS-133
MS,Tallahatchie County,MS-135
MS,Tate County,MS-137
MS,Tippah County,MS-139
MS,Tishomingo County,MS-141
MS,Tunica County,MS-143
MS,Union County,MS-145
MS,Walthall County,MS-147
MS,Warren County,MS-149
MS,Washington County,MS-151
MS,Wayne County,MS-153
MS,Webster County,MS-155
MS,Wilkinson County,MS-157
MS,Winston County,MS-159
MS,Yalobusha County,MS-161
MS,Yazoo County,MS-163
MO,Adair County,MO-001
MO,Andrew County,MO-003
MO,Atchison County,MO-005
MO,Audrain County,MO-007
MO,Barry County,MO-009
MO,Barton County,MO-011
MO,Bates County,MO-013
MO,Benton County,MO-015
MO,Bollinger County,MO-017
MO,Boone County,MO-019
MO,Buchanan County,MO-021
MO,Butler County,MO-023
MO,Caldwell County,MO-025
MO,Callaway County,MO-027
MO,Camden County,MO-029
MO,Cape Girardeau County,MO-031
MO,Carroll County,MO-033
MO,Carter County,MO-035
MO,Cass County,MO-037
MO,Cedar County,MO-039
MO,Chariton County,MO-041
MO,Christian County,MO-043
MO,Clark County,MO-045
MO,Clay County,MO-047
MO,Clinton County,MO-049
MO,Cole County,MO-051
MO,Cooper County,MO-053
MO,Crawford County,MO-055
MO,Dade County,MO-057
MO,Dallas County,MO-059
MO,Daviess County,MO-061
MO,DeKalb County,MO-063
MO,Dent County,MO-065
MO,Douglas County,MO-067
MO,Dunklin County,MO-069
MO,Franklin County,MO-071
MO,Gasconade County,MO-073
MO,Gentry County,MO-075
MO,Greene County,MO-077
MO,Grundy County,MO-079
MO,Harrison County,MO-081
MO,Henry County,MO-083
MO,Hickory County,MO-085
MO,Holt County,MO-087
MO,Howard County,MO-089
MO,Howell County,MO-091
MO,Iron County,MO-093
MO,Jackson County,MO-095
MO,Jasper County,MO-097
MO,Jefferson County,MO-099
MO,Johnson County,MO-101
MO,Knox County,MO-103
MO,Laclede County,MO-105
MO,Lafayette County,MO-107
MO,Lawrence County,MO-109
MO,Lewis County,MO-111
MO,Lincoln County,MO-113
MO,Linn County,MO-115
MO,Livingston County,MO-117
MO,McDonald County,MO-119
MO,Macon County,MO-121
MO,Madison County,MO-123
MO,Maries County,MO-125
MO,Marion County,MO-127
MO,Mercer County,MO-129
MO,Miller County,MO-131
MO,Mississippi County,MO-133
MO,Moniteau County,MO-135
MO,Monroe County,MO-137
MO,Montgomery County,MO-139
MO,Morgan County,MO-141
MO,New Madrid County,MO-143
MO,Newton County,MO-145
MO,Nodaway County,MO-147
MO,Oregon County,MO-149
MO,Osage County,MO-151
MO,Ozark County,MO-153
MO,Pemiscot County,MO-155
MO,Perry County,MO-157
MO,Pettis County,MO-159
MO,Phelps County,MO-161
MO,Pike County,MO-163
MO,Platte County,MO-165
MO,Polk County,MO-167
MO,Pulaski County,MO-169
MO,Putnam County,MO-171
MO,Ralls County,MO-173
MO,Randolph County,MO-175
MO,Ray County,MO-177
MO,Reynolds County,MO-179
MO,Ripley County,MO-181
MO,St. Charles County,MO-183
MO,St. Clair County,MO-185
MO,Ste. Genevieve County,MO-186
MO,St. Francois County,MO-187
MO,St. Louis County,MO-189
MO,Saline County,MO-195
MO,Schuyler County,MO-197
MO,Scotland County,MO-199
MO,Scott County,MO-201
MO,Shannon County,MO-203
MO,Shelby County,MO-205
MO,Stoddard County,MO-207
MO,Stone County,MO-209
MO,Sullivan County,MO-211
MO,Taney County,MO-213
MO,Texas County,MO-215
MO,Vernon County,MO-217
MO,Warren County,MO-219
MO,Washington County,MO-221
MO,Wayne County,MO-223
MO,Webster County,MO-225
MO,Worth County,MO-227
MO,Wright County,MO-229
MO,St. Louis City,MO-510
MT,Beaverhead County,MT-001
MT,Big Horn County,MT-003
MT,Blaine County,MT-005
MT,Broadwater County,MT-007
MT,Carbon County,MT-009
MT,Carter County,MT-011
MT,Cascade County,MT-013
MT,Chouteau County,MT-015
MT,Custer County,MT-017
MT,Daniels County,MT-019
MT,Dawson County,MT-021
MT,Deer Lodge County,MT-023
MT,Fallon County,MT-025
MT,Fergus County,MT-027
MT,Flathead County,MT-029
MT,Gallatin County,MT-031
MT,Garfield County,MT-033
MT,Glacier County,MT-035
MT,Golden Valley County,MT-037
MT,Granite County,MT-039
MT,Hill County,MT-041
MT,Jefferson County,MT-043
MT,Judith Basin County,MT-045
MT,Lake County,MT-047
MT,Lewis and Clark County,MT-049
MT,Liberty County,MT-051
MT,Lincoln County,MT-053
MT,McCone County,MT-055
MT,Madison County,MT-057
MT,Meagher County,MT-059
MT,Mineral County,MT-061
MT,Missoula County,MT-063
MT,Musselshell County,MT-065
MT,Park County,MT-067
MT,Petroleum County,MT-069
MT,Phillips County,MT-071
MT,Pondera County,MT-073
MT,Powder River County,MT-075
MT,Powell County,MT-077
MT,Prairie County,MT-079
MT,Ravalli County,MT-081
MT,Richland County,MT-083
MT,Roosevelt County,MT-085
MT,Rosebud County,MT-087
MT,Sanders County,MT-089
MT,Sheridan County,MT-091
MT,Silver Bow County,MT-093
MT,Stillwater County,MT-095
MT,Sweet Grass County,MT-097
MT,Teton County,MT-099
MT,Toole County,MT-101
MT,Treasure County,MT-103
MT,Valley County,MT-105
MT,Wheatland County,MT-107
MT,Wibaux County,MT-109
MT,Yellowstone County,MT-111
NE,Adams County,NE-001
NE,Antelope County,NE-003
NE,Arthur County,NE-005
NE,Banner County,NE-007
NE,Blaine County,NE-009
NE,Boone County,NE-011
NE,Box Butte County,NE-013
NE,Boyd County,NE-015
NE,Brown County,NE-017
NE,Buffalo County,NE-019
NE,Burt County,NE-021
NE,Butler County,NE-023
NE,Cass County,NE-025
NE,Cedar County,NE-027
NE,Chase County,NE-029
NE,Cherry County,NE-031
NE,Cheyenne County,NE-033
NE,Clay County,NE-035
NE,Colfax County,NE-037
NE,Cuming County,NE-039
NE,Custer County,NE-041
NE,Dakota County,NE-043
NE,Dawes County,NE-045
NE,Dawson County,NE-047
NE,Deuel County,NE-049
NE,Dixon County,NE-051
NE,Dodge County,NE-053
NE,Douglas County,NE-055
NE,Dundy County,NE-057
NE,Fillmore County,NE-059
NE,Franklin County,NE-061
NE,Frontier County,NE-063
NE,Furnas County,NE-065
NE,Gage County,NE-067
NE,Garden County,NE-069
NE,Garfield County,NE-071
NE,Gosper County,NE-073
NE,Grant County,NE-075
NE,Greeley County,NE-077
NE,Hall County,NE-079
NE,Hamilton County,NE-081
NE,Harlan County,NE-083
NE,Hayes County,NE-085
NE,Hitchcock County,NE-087
NE,Holt County,NE-089
NE,Hooker County,NE-091
NE,Howard County,NE-093
NE,Jefferson County,NE-095
NE,Johnson County,NE-097
NE,Kearney County,NE-099
NE,Keith County,NE-101
NE,Keya Paha County,NE-103
NE,Kimball County,NE-105
NE,Knox County,NE-107
NE,Lancaster County,NE-109
NE,Lincoln County,NE-111
NE,Logan County,NE-113
NE,Loup County,NE-115
NE,McPherson County,NE-117
NE,Madison County,NE-119
NE,Merrick County,NE-121
NE,Morrill County,NE-123
NE,Nance County,NE-125
NE,Nemaha County,NE-127
NE,Nuckolls County,NE-129
NE,Otoe County,NE-131
NE,Pawnee County,NE-133
NE,Perkins County,NE-135
NE,Phelps County,NE-137
NE,Pierce County,NE-139
NE,Platte County,NE-141
NE,Polk County,NE-143
NE,Red Willow County,NE-145
NE,Richardson County,NE-147
NE,Rock County,NE-149
NE,Saline County,NE-151
NE,Sarpy County,NE-153
NE,Saunders County,NE-155
NE,Scotts Bluff County,NE-157
NE,Seward County,NE-159
NE,Sheridan County,NE-161
NE,Sherman County,NE-163
NE,Sioux County,NE-165
NE,Stanton County,NE-167
NE,Thayer County,NE-169
NE,Thomas County,NE-171
NE,Thurston County,NE-173
NE,Valley County,NE-175
NE,Washington County,NE-177
NE,Wayne County,NE-179
NE,Webster County,NE-181
NE,Wheeler County,NE-183
NE,York County,NE-185
NV,Churchill County,NV-001
NV,Clark County,NV-003
NV,Douglas County,NV-005
NV,Elko County,NV-007
NV,Esmeralda County,NV-009
NV,Eureka County,NV-011
NV,Humboldt County,NV-013
NV,Lander County,NV-015
NV,Lincoln County,NV-017
NV,Lyon County,NV-019
NV,Mineral County,NV-021
NV,Nye County,NV-023
NV,Pershing County,NV-027
NV,Storey County,NV-029
NV,Washoe County,NV-031
NV,White Pine County,NV-033
NV,Carson City,NV-510
NH,Belknap County,NH-001
NH,Carroll County,NH-003
NH,Cheshire County,NH-005
NH,Coos County,NH-007
NH,Grafton County,NH-009
NH,Hillsborough County,NH-011
NH,Merrimack County,NH-013
NH,Rockingham County,NH-015
NH,Strafford County,NH-017
NH,Sullivan County,NH-019
NJ,Atlantic County,NJ-001
NJ,Bergen County,NJ-003
NJ,Burlington County,NJ-005
NJ,Camden County,NJ-007
NJ,Cape May County,NJ-009
NJ,Cumberland County,NJ-011
NJ,Essex County,NJ-013
NJ,Gloucester County,NJ-015
NJ,Hudson County,NJ-017
NJ,Hunterdon County,NJ-019
NJ,Mercer County,NJ-021
NJ,Middlesex County,NJ-023
NJ,Monmouth County,NJ-025
NJ,Morris County,NJ-027
NJ,Ocean County,NJ-029
NJ,Passaic County,NJ-031
NJ,Salem County,NJ-033
NJ,Somerset County,NJ-035
NJ,Sussex County,NJ-037
NJ,Union County,NJ-039
NJ,Warren County,NJ-041
NM,Bernalillo County,NM-001
NM,Catron County,NM-003
NM,Chaves County,NM-005
NM,Cibola County,NM-006
NM,Colfax County,NM-007
NM,Curry County,NM-009
NM,De Baca County,NM-011
NM,Dona Ana County,NM-013
NM,Eddy County,NM-015
NM,Grant County,NM-017
NM,Guadalupe County,NM-019
NM,Harding County,NM-021
NM,Hidalgo County,NM-023
NM,Lea County,NM-025
NM,Lincoln County,NM-027
NM,Los Alamos County,NM-028
NM,Luna County,NM-029
NM,McKinley County,NM-031
NM,Mora County,NM-033
NM,Otero County,NM-035
NM,Quay County,NM-037
NM,Rio Arriba County,NM-039
NM,Roosevelt County,NM-041
NM,Sandoval County,NM-043
NM,San Juan County,NM-045
NM,San Miguel County,NM-047
NM,Santa Fe County,NM-049
NM,Sierra County,NM-051
NM,Socorro County,NM-053
NM,Taos County,NM-055
NM,Torrance County,NM-057
NM,Union County,NM-059
NM,Valencia County,NM-061
NY,Albany County,NY-001
NY,Allegany County,NY-003
NY,Bronx County,NY-005
NY,Broome County,NY-007
NY,Cattaraugus County,NY-009
NY,Cayuga County,NY-011
NY,Chautauqua County,NY-013
NY,Chemung County,NY-015
NY,Chenango County,NY-017
NY,Clinton County,NY-019
NY,Columbia County,NY-021
NY,Cortland County,NY-023
NY,Delaware County,NY-025
NY,Dutchess County,NY-027
NY,Erie County,NY-029
NY,Essex County,NY-031
NY,Franklin County,NY-033
NY,Fulton County,NY-035
NY,Genesee County,NY-037
NY,Greene County,NY-039
NY,Hamilton County,NY-041
NY,Herkimer County,NY-043
NY,Jefferson County,NY-045
NY,Kings County,NY-047
NY,Lewis County,NY-049
NY,Livingston County,NY-051
NY,Madison County,NY-053
NY,Monroe County,NY-055
NY,Montgomery County,NY-057
NY,Nassau County,NY-059
NY,New York County,NY-061
NY,Niagara County,NY-063
NY,Oneida County,NY-065
NY,Onondaga County,NY-067
NY,Ontario County,NY-069
NY,Orange County,NY-071
NY,Orleans County,NY-073
NY,Oswego County,NY-075
NY,Otsego County,NY-077
NY,Putnam County,NY-079
NY,Queens County,NY-081
NY,Rensselaer County,NY-083
NY,Richmond County,NY-085
NY,Rockland County,NY-087
NY,St. Lawrence County,NY-089
NY,Saratoga County,NY-091
NY,Schenectady County,NY-093
NY,Schoharie County,NY-095
NY,Schuyler County,NY-097
NY,Seneca County,NY-099
NY,Steuben County,NY-101
NY,Suffolk County,NY-103
NY,Sullivan County,NY-105
NY,Tioga County,NY-107
NY,Tompkins County,NY-109
NY,Ulster County,NY-111
NY,Warren County,NY-113
NY,Washington County,NY-115
NY,Wayne County,NY-117
NY,Westchester County,NY-119
NY,Wyoming County,NY-121
NY,Yates County,NY-123
NC,Alamance County,NC-001
NC,Alexander County,NC-003
NC,Alleghany County,NC-005
NC,Anson County,NC-007
NC,Ashe County,NC-009
NC,Avery County,NC-011
NC,Beaufort County,NC-013
NC,Bertie County,NC-015
NC,Bladen County,NC-017
NC,Brunswick County,NC-019
NC,Buncombe County,NC-021
NC,Burke County,NC-023
NC,Cabarrus County,NC-025
NC,Caldwell County,NC-027
NC,Camden County,NC-029
NC,Carteret County,NC-031
NC,Caswell County,NC-033
NC,Catawba County,NC-035
NC,Chatham County,NC-037
NC,Cherokee County,NC-039
NC,Chowan County,NC-041
NC,Clay County,NC-043
NC,Cleveland County,NC-045
NC,Columbus County,NC-047
NC,Craven County,NC-049
NC,Cumberland County,NC-051
NC,Currituck County,NC-053
NC,Dare County,NC-055
NC,Davidson County,NC-057
NC,Davie County,NC-059
NC,Duplin County,NC-061
NC,Durham County,NC-063
NC,Edgecombe County,NC-065
NC,Forsyth County,NC-067
NC,Franklin County,NC-069
NC,Gaston County,NC-071
NC,Gates County,NC-073
NC,Graham County,NC-075
NC,Granville County,NC-077
NC,Greene County,NC-079
NC,Guilford County,NC-081
NC,Halifax County,NC-083
NC,Harnett County,NC-085
NC,Haywood County,NC-087
NC,Henderson County,NC-089
NC,Hertford County,NC-091
NC,Hoke County,NC-093
NC,Hyde County,NC-095
NC,Iredell County,NC-097
NC,Jackson County,NC-099
NC,Johnston County,NC-101
NC,Jones County,NC-103
NC,Lee County,NC-105
NC,Lenoir County,NC-107
NC,Lincoln County,NC-109
NC,McDowell County,NC-111
NC,Macon County,NC-113
NC,Madison County,NC-115
NC,Martin County,NC-117
NC,Mecklenburg County,NC-119
NC,Mitchell County,NC-121
NC,Montgomery County,NC-123
NC,Moore County,NC-125
NC,Nash County,NC-127
NC,New Hanover County,NC-129
NC,Northampton County,NC-131
NC,Onslow County,NC-133
NC,Orange County,NC-135
NC,Pamlico County,NC-137
NC,Pasquotank County,NC-139
NC,Pender County,NC-141
NC,Perquimans County,NC-143
NC,Person County,NC-145
NC,Pitt County,NC-147
NC,Polk County,NC-149
NC,Randolph County,NC-151
NC,Richmond County,NC-153
NC,Robeson County,NC-155
NC,Rockingham County,NC-157
NC,Rowan County,NC-159
NC,Rutherford County,NC-161
NC,Sampson County,NC-163
NC,Scotland County,NC-165
NC,Stanly County,NC-167
NC,Stokes County,NC-169
NC,Surry County,NC-171
NC,Swain County,NC-173
NC,Transylvania County,NC-175
NC,Tyrrell County,NC-177
NC,Union County,NC-179
NC,Vance County,NC-181
NC,Wake County,NC-183
NC,Warren County,NC-185
NC,Washington County,NC-187
NC,Watauga County,NC-189
NC,Wayne County,NC-191
NC,Wilkes County,NC-193
NC,Wilson County,NC-195
NC,Yadkin County,NC-197
NC,Yancey County,NC-199
ND,Adams County,ND-001
ND,Barnes County,ND-003
ND,Benson County,ND-005
ND,Billings County,ND-007
ND,Bottineau County,ND-009
ND,Bowman County,ND-011
ND,Burke County,ND-013
ND,Burleigh County,ND-015
ND,Cass County,ND-017
ND,Cavalier County,ND-019
ND,Dickey County,ND-021
ND,Divide County,ND-023
ND,Dunn County,ND-025
ND,Eddy County,ND-027
ND,Emmons County,ND-029
ND,Foster County,ND-031
ND,Golden Valley County,ND-033
ND,Grand Forks County,ND-035
ND,Grant County,ND-037
ND,Griggs County,ND-039
ND,Hettinger County,ND-041
ND,Kidder County,ND-043
ND,LaMoure County,ND-045
ND,Logan County,ND-047
ND,McHenry County,ND-049
ND,McIntosh County,ND-051
ND,McKenzie County,ND-053
ND,McLean County,ND-055
ND,Mercer County,ND-057
ND,Morton County,ND-059
ND,Mountrail County,ND-061
ND,Nelson County,ND-063
ND,Oliver County,ND-065
ND,Pembina County,ND-067
ND,Pierce County,ND-069
ND,Ramsey County,ND-071
ND,Ransom County,ND-073
ND,Renville County,ND-075
ND,Richland County,ND-077
ND,Rolette County,ND-079
ND,Sargent County,ND-081
ND,Sheridan County,ND-083
ND,Sioux County,ND-085
ND,Slope County,ND-087
ND,Stark County,ND-089
ND,Steele County,ND-091
ND,Stutsman County,ND-093
ND,Towner County,ND-095
ND,Traill County,ND-097
ND,Walsh County,ND-099
ND,Ward County,ND-101
ND,Wells County,ND-103
ND,Williams County,ND-105
OH,Adams County,OH-001
OH,Allen County,OH-003
OH,Ashland County,OH-005
OH,Ashtabula County,OH-007
OH,Athens County,OH-009
OH,Auglaize County,OH-011
OH,Belmont County,OH-013
OH,Brown County,OH-015
OH,Butler County,OH-017
OH,Carroll County,OH-019
OH,Champaign County,OH-021
OH,Clark County,OH-023
OH,Clermont County,OH-025
OH,Clinton County,OH-027
OH,Columbiana County,OH-029
OH,Coshocton County,OH-031
OH,Crawford County,OH-033
OH,Cuyahoga County,OH-035
OH,Darke County,OH-037
OH,Defiance County,OH-039
OH,Delaware County,OH-041
OH,Erie County,OH-043
OH,Fairfield County,OH-045
OH,Fayette County,OH-047
OH,Franklin County,OH-049
OH,Fulton County,OH-051
OH,Gallia County,OH-053
OH,Geauga County,OH-055
OH,Greene County,OH-057
OH,Guernsey County,OH-059
OH,Hamilton County,OH-061
OH,Hancock County,OH-063
OH,Hardin County,OH-065
OH,Harrison County,OH-067
OH,Henry County,OH-069
OH,Highland County,OH-071
OH,Hocking County,OH-073
OH,Holmes County,OH-075
OH,Huron County,OH-077
OH,Jackson County,OH-079
OH,Jefferson County,OH-081
OH,Knox County,OH-083
OH,Lake County,OH-085
OH,Lawrence County,OH-087
OH,Licking County,OH-089
OH,Logan County,OH-091
OH,Lorain County,OH-093
OH,Lucas County,OH-095
OH,Madison County,OH-097
OH,Mahoning County,OH-099
OH,Marion County,OH-101
OH,Medina County,OH-103
OH,Meigs County,OH-105
OH,Mercer County,OH-107
OH,Miami County,OH-109
OH,Monroe County,OH-111
OH,Montgomery County,OH-113
OH,Morgan County,OH-115
OH,Morrow County,OH-117
OH,Muskingum County,OH-119
OH,Noble County,OH-121
OH,Ottawa County,OH-123
OH,Paulding County,OH-125
OH,Perry County,OH-127
OH,Pickaway County,OH-129
OH,Pike County,OH-131
OH,Portage County,OH-133
OH,Preble County,OH-135
OH,Putnam County,OH-137
OH,Richland County,OH-139
OH,Ross County,OH-141
OH,Sandusky County,OH-143
OH,Scioto County,OH-145
OH,Seneca County,OH-147
OH,Shelby County,OH-149
OH,Stark County,OH-151
OH,Summit County,OH-153
OH,Trumbull County,OH-155
OH,Tuscarawas County,OH-157
OH,Union County,OH-159
OH,Van Wert County,OH-161
OH,Vinton County,OH-163
OH,Warren County,OH-165
OH,Washington County,OH-167
OH,Wayne County,OH-169
OH,Williams County,OH-171
OH,Wood County,OH-173
OH,Wyandot County,OH-175
OK,Adair County,OK-001
OK,Alfalfa County,OK-003
OK,Atoka County,OK-005
OK,Beaver County,OK-007
OK,Beckham County,OK-009
OK,Blaine County,OK-011
OK,Bryan County,OK-013
OK,Caddo County,OK-015
OK,Canadian County,OK-017
OK,Carter County,OK-019
OK,Cherokee County,OK-021
OK,Choctaw County,OK-023
OK,Cimarron County,OK-025
OK,Cleveland County,OK-027
OK,Coal County,OK-029
OK,Comanche County,OK-031
OK,Cotton County,OK-033
OK,Craig County,OK-035
OK,Creek County,OK-037
OK,Custer County,OK-039
OK,Delaware County,OK-041
OK,Dewey County,OK-043
OK,Ellis County,OK-045
OK,Garfield County,OK-047
OK,Garvin County,OK-049
OK,Grady County,OK-051
OK,Grant County,OK-053
OK,Greer County,OK-055
OK,Harmon County,OK-057
OK,Harper County,OK-059
OK,Haskell County,OK-061
OK,Hughes County,OK-063
OK,Jackson County,OK-065
OK,Jefferson County,OK-067
OK,Johnston County,OK-069
OK,Kay County,OK-071
OK,Kingfisher County,OK-073
OK,Kiowa County,OK-075
OK,Latimer County,OK-077
OK,Le Flore County,OK-079
OK,Lincoln County,OK-081
OK,Logan County,OK-083
OK,Love County,OK-085
OK,McClain County,OK-087
OK,McCurtain County,OK-089
OK,McIntosh County,OK-091
OK,Major County,OK-093
OK,Marshall County,OK-095
OK,Mayes County,OK-097
OK,Murray County,OK-099
OK,Muskogee County,OK-101
OK,Noble County,OK-103
OK,Nowata County,OK-105
OK,Okfuskee County,OK-107
OK,Oklahoma County,OK-109
OK,Okmulgee County,OK-111
OK,Osage County,OK-113
OK,Ottawa County,OK-115
OK,Pawnee County,OK-117
OK,Payne County,OK-119
OK,Pittsburg County,OK-121
OK,Pontotoc County,OK-123
OK,Pottawatomie County,OK-125
OK,Pushmataha County,OK-127
OK,Roger Mills County,OK-129
OK,Rogers County,OK-131
OK,Seminole County,OK-133
OK,Sequoyah County,OK-135
OK,Stephens County,OK-137
OK,Texas County,OK-139
OK,Tillman County,OK-141
OK,Tulsa County,OK-143
OK,Wagoner County,OK-145
OK,Washington County,OK-147
OK,Washita County,OK-149
OK,Woods County,OK-151
OK,Woodward County,OK-153
OR,Baker County,OR-001
OR,Benton County,OR-003
OR,Clackamas County,OR-005
OR,Clatsop County,OR-007
OR,Columbia County,OR-009
OR,Coos County,OR-011
OR,Crook County,OR-013
OR,Curry County,OR-015
OR,Deschutes County,OR-017
OR,Douglas County,OR-019
OR,Gilliam County,OR-021
OR,Grant County,OR-023
OR,Harney County,OR-025
OR,Hood River County,OR-027
OR,Jackson County,OR-029
OR,Jefferson County,OR-031
OR,Josephine County,OR-033
OR,Klamath County,OR-035
OR,Lake County,OR-037
OR,Lane County,OR-039
OR,Lincoln County,OR-041
OR,Linn County,OR-043
OR,Malheur County,OR-045
OR,Marion County,OR-047
OR,Morrow County,OR-049
OR,Multnomah County,OR-051
OR,Polk County,OR-053
OR,Sherman County,OR-055
OR,Tillamook County,OR-057
OR,Umatilla County,OR-059
OR,Union County,OR-061
OR,Wallowa County,OR-063
OR,Wasco County,OR-065
OR,Washington County,OR-067
OR,Wheeler County,OR-069
OR,Yamhill County,OR-071
PA,Adams County,PA-001
PA,Allegheny County,PA-003
PA,Armstrong County,PA-005
PA,Beaver County,PA-007
PA,Bedford County,PA-009
PA,Berks County,PA-011
PA,Blair County,PA-013
PA,Bradford County,PA-015
PA,Bucks County,PA-017
PA,Butler County,PA-019
PA,Cambria County,PA-021
PA,Cameron County,PA-023
PA,Carbon County,PA-025
PA,Centre County,PA-027
PA,Chester County,PA-029
PA,Clarion County,PA-031
PA,Clearfield County,PA-033
PA,Clinton County,PA-035
PA,Columbia County,PA-037
PA,Crawford County,PA-039
PA,Cumberland County,PA-041
PA,Dauphin County,PA-043
PA,Delaware County,PA-045
PA,Elk County,PA-047
PA,Erie County,PA-049
PA,Fayette County,PA-051
PA,Forest County,PA-053
PA,Franklin County,PA-055
PA,Fulton County,PA-057
PA,Greene County,PA-059
PA,Huntingdon County,PA-061
PA,Indiana County,PA-063
PA,Jefferson County,PA-065
PA,Juniata County,PA-067
PA,Lackawanna County,PA-069
PA,Lancaster County,PA-071
PA,Lawrence County,PA-073
PA,Lebanon County,PA-075
PA,Lehigh County,PA-077
PA,Luzerne County,PA-079
PA,Lycoming County,PA-081
PA,McKean County,PA-083
PA,Mercer County,PA-085
PA,Mifflin County,PA-087
PA,Monroe County,PA-089
PA,Montgomery County,PA-091
PA,Montour County,PA-093
PA,Northampton County,PA-095
PA,Northumberland County,PA-097
PA,Perry County,PA-099
PA,Philadelphia County,PA-101
PA,Pike County,PA-103
PA,Potter County,PA-105
PA,Schuylkill County,PA-107
PA,Snyder County,PA-109
PA,Somerset County,PA-111
PA,Sullivan County,PA-113
PA,Susquehanna County,PA-115
PA,Tioga County,PA-117
PA,Union County,PA-119
PA,Venango County,PA-121
PA,Warren County,PA-123
PA,Washington County,PA-125
PA,Wayne County,PA-127
PA,Westmoreland County,PA-129
PA,Wyoming County,PA-131
PA,York County,PA-133
RI,Bristol County,RI-001
RI,Kent County,RI-003
RI,Newport County,RI-005
RI,Providence County,RI-007
RI,Washington County,RI-009
SC,Abbeville County,SC-001
SC,Aiken County,SC-003
SC,Allendale County,SC-005
SC,Anderson County,SC-007
SC,Bamberg County,SC-009
SC,Barnwell County,SC-011
SC,Beaufort County,SC-013
SC,Berkeley County,SC-015
SC,Calhoun County,SC-017
SC,Charleston County,SC-019
SC,Cherokee County,SC-021
SC,Chester County,SC-023
SC,Chesterfield County,SC-025
SC,Clarendon County,SC-027
SC,Colleton County,SC-029
SC,Darlington County,SC-031
SC,Dillon County,SC-033
SC,Dorchester County,SC-035
SC,Edgefield County,SC-037
SC,Fairfield County,SC-039
SC,Florence County,SC-041
SC,Georgetown County,SC-043
SC,Greenville County,SC-045
SC,Greenwood County,SC-047
SC,Hampton County,SC-049
SC,Horry County,SC-051
SC,Jasper County,SC-053
SC,Kershaw County,SC-055
SC,Lancaster County,SC-057
SC,Laurens County,SC-059
SC,Lee County,SC-061
SC,Lexington County,SC-063
SC,McCormick County,SC-065
SC,Marion County,SC-067
SC,Marlboro County,SC-069
SC,Newberry County,SC-071
SC,Oconee County,SC-073
SC,Orangeburg County,SC-075
SC,Pickens County,SC-077
SC,Richland County,SC-079
SC,Saluda County,SC-081
SC,Spartanburg County,SC-083
SC,Sumter County,SC-085
SC,Union County,SC-087
SC,Williamsburg County,SC-089
SC,York County,SC-091
SD,Aurora County,SD-003
SD,Beadle County,SD-005
SD,Bennett County,SD-007
SD,Bon Homme County,SD-009
SD,Brookings County,SD-011
SD,Brown County,SD-013
SD,Brule County,SD-015
SD,Buffalo County,SD-017
SD,Butte County,SD-019
SD,Campbell County,SD-021
SD,Charles Mix County,SD-023
SD,Clark County,SD-025
SD,Clay County,SD-027
SD,Codington County,SD-029
SD,Corson County,SD-031
SD,Custer County,SD-033
SD,Davison County,SD-035
SD,Day County,SD-037
SD,Deuel County,SD-039
SD,Dewey County,SD-041
SD,Douglas County,SD-043
SD,Edmunds County,SD-045
SD,Fall River County,SD-047
SD,Faulk County,SD-049
SD,Grant County,SD-051
SD,Gregory County,SD-053
SD,Haakon County,SD-055
SD,Hamlin County,SD-057
SD,Hand County,SD-059
SD,Hanson County,SD-061
SD,Harding County,SD-063
SD,Hughes County,SD-065
SD,Hutchinson County,SD-067
SD,Hyde County,SD-069
SD,Jackson County,SD-071
SD,Jerauld County,SD-073
SD,Jones County,SD-075
SD,Kingsbury County,SD-077
SD,Lake County,SD-079
SD,Lawrence County,SD-081
SD,Lincoln County,SD-083
SD,Lyman County,SD-085
SD,McCook County,SD-087
SD,McPherson County,SD-089
SD,Marshall County,SD-091
SD,Meade County,SD-093
SD,Mellette County,SD-095
SD,Miner County,SD-097
SD,Minnehaha County,SD-099
SD,Moody County,SD-101
SD,Oglala Lakota County,SD-102
SD,Pennington County,SD-103
SD,Perkins County,SD-105
SD,Potter County,SD-107
SD,Roberts County,SD-109
SD,Sanborn County,SD-111
SD,Spink County,SD-115
SD,Stanley County,SD-117
SD,Sully County,SD-119
SD,Todd County,SD-121
SD,Tripp County,SD-123
SD,Turner County,SD-125
SD,Union County,SD-127
SD,Walworth County,SD-129
SD,Yankton County,SD-135
SD,Ziebach County,SD-137
TN,Anderson County,TN-001
TN,Bedford County,TN-003
TN,Benton County,TN-005
TN,Bledsoe County,TN-007
TN,Blount County,TN-009
TN,Bradley County,TN-011
TN,Campbell County,TN-013
TN,Cannon County,TN-015
TN,Carroll County,TN-017
TN,Carter County,TN-019
TN,Cheatham County,TN-021
TN,Chester County,TN-023
TN,Claiborne County,TN-025
TN,Clay County,TN-027
TN,Cocke County,TN-029
TN,Coffee County,TN-031
TN,Crockett County,TN-033
TN,Cumberland County,TN-035
TN,Davidson County,TN-037
TN,Decatur County,TN-039
TN,DeKalb County,TN-041
TN,Dickson County,TN-043
TN,Dyer County,TN-045
TN,Fayette County,TN-047
TN,Fentress County,TN-049
TN,Franklin County,TN-051
TN,Gibson County,TN-053
TN,Giles County,TN-055
TN,Grainger County,TN-057
TN,Greene County,TN-059
TN,Grundy County,TN-061
TN,Hamblen County,TN-063
TN,Hamilton County,TN-065
TN,Hancock County,TN-067
TN,Hardeman County,TN-069
TN,Hardin County,TN-071
TN,Hawkins County,TN-073
TN,Haywood County,TN-075
TN,Henderson County,TN-077
TN,Henry County,TN-079
TN,Hickman County,TN-081
TN,Houston County,TN-083
TN,Humphreys County,TN-085
TN,Jackson County,TN-087
TN,Jefferson County,TN-089
TN,Johnson County,TN-091
TN,Knox County,TN-093
TN,Lake County,TN-095
TN,Lauderdale County,TN-097
TN,Lawrence County,TN-099
TN,Lewis County,TN-101
TN,Lincoln County,TN-103
TN,Loudon County,TN-105
TN,McMinn County,TN-107
TN,McNairy County,TN-109
TN,Macon County,TN-111
TN,Madison County,TN-113
TN,Marion County,TN-115
TN,Marshall County,TN-117
TN,Maury County,TN-119
TN,Meigs County,TN-121
TN,Monroe County,TN-123
TN,Montgomery County,TN-125
TN,Moore County,TN-127
TN,Morgan County,TN-129
TN,Obion County,TN-131
TN,Overton County,TN-133
TN,Perry County,TN-135
TN,Pickett County,TN-137
TN,Polk County,TN-139
TN,Putnam County,TN-141
TN,Rhea County,TN-143
TN,Roane County,TN-145
TN,Robertson County,TN-147
TN,Rutherford County,TN-149
TN,Scott County,TN-151
TN,Sequatchie County,TN-153
TN,Sevier County,TN-155
TN,Shelby County,TN-157
TN,Smith County,TN-159
TN,Stewart County,TN-161
TN,Sullivan County,TN-163
TN,Sumner County,TN-165
TN,Tipton County,TN-167
TN,Trousdale County,TN-169
TN,Unicoi County,TN-171
TN,Union County,TN-173
TN,Van Buren County,TN-175
TN,Warren County,TN-177
TN,Washington County,TN-179
TN,Wayne County,TN-181
TN,Weakley County,TN-183
TN,White County,TN-185
TN,Williamson County,TN-187
TN,Wilson County,TN-189
TX,Anderson County,TX-001
TX,Andrews County,TX-003
TX,Angelina County,TX-005
TX,Aransas County,TX-007
TX,Archer County,TX-009
TX,Armstrong County,TX-011
TX,Atascosa County,TX-013
TX,Austin County,TX-015
TX,Bailey County,TX-017
TX,Bandera County,TX-019
TX,Bastrop County,TX-021
TX,Baylor County,TX-023
TX,Bee County,TX-025
TX,Bell County,TX-027
TX,Bexar County,TX-029
TX,Blanco County,TX-031
TX,Borden County,TX-033
TX,Bosque County,TX-035
TX,Bowie County,TX-037
TX,Brazoria County,TX-039
TX,Brazos County,TX-041
TX,Brewster County,TX-043
TX,Briscoe County,TX-045
TX,Brooks County,TX-047
TX,Brown County,TX-049
TX,Burleson County,TX-051
TX,Burnet County,TX-053
TX,Caldwell County,TX-055
TX,Calhoun County,TX-057
TX,Callahan County,TX-059
TX,Cameron County,TX-061
TX,Camp County,TX-063
TX,Carson County,TX-065
TX,Cass County,TX-067
TX,Castro County,TX-069
TX,Chambers County,TX-071
TX,Cherokee County,TX-073
TX,Childress County,TX-075
TX,Clay County,TX-077
TX,Cochran County,TX-079
TX,Coke County,TX-081
TX,Coleman County,TX-083
TX,Collin County,TX-085
TX,Collingsworth County,TX-087
TX,Colorado County,TX-089
TX,Comal County,TX-091
TX,Comanche County,TX-093
TX,Concho County,TX-095
TX,Cooke County,TX-097
TX,Coryell County,TX-099
TX,Cottle County,TX-101
TX,Crane County,TX-103
TX,Crockett County,TX-105
TX,Crosby County,TX-107
TX,Culberson County,TX-109
TX,Dallam County,TX-111
TX,Dallas County,TX-113
TX,Dawson County,TX-115
TX,Deaf Smith County,TX-117
TX,Delta County,TX-119
TX,Denton County,TX-121
TX,DeWitt County,TX-123
TX,Dickens County,TX-125
TX,Dimmit County,TX-127
TX,Donley County,TX-129
TX,Duval County,TX-131
TX,Eastland County,TX-133
TX,Ector County,TX-135
TX,Edwards County,TX-137
TX,Ellis County,TX-139
TX,El Paso County,TX-141
TX,Erath County,TX-143
TX,Falls County,TX-145
TX,Fannin County,TX-147
TX,Fayette County,TX-149
TX,Fisher County,TX-151
TX,Floyd County,TX-153
TX,Foard County,TX-155
TX,Fort Bend County,TX-157
TX,Franklin County,TX-159
TX,Freestone County,TX-161
TX,Frio County,TX-163
TX,Gaines County,TX-165
TX,Galveston County,TX-167
TX,Garza County,TX-169
TX,Gillespie County,TX-171
TX,Glasscock County,TX-173
TX,Goliad County,TX-175
TX,Gonzales County,TX-177
TX,Gray County,TX-179
TX,Grayson County,TX-181
TX,Gregg County,TX-183
TX,Grimes County,TX-185
TX,Guadalupe County,TX-187
TX,Hale County,TX-189
TX,Hall County,TX-191
TX,Hamilton County,TX-193
TX,Hansford County,TX-195
TX,Hardeman County,TX-197
TX,Hardin County,TX-199
TX,Harris County,TX-201
TX,Harrison County,TX-203
TX,Hartley County,TX-205
TX,Haskell County,TX-207
TX,Hays County,TX-209
TX,Hemphill County,TX-211
TX,Henderson County,TX-213
TX,Hidalgo County,TX-215
TX,Hill County,TX-217
TX,Hockley County,TX-219
TX,Hood County,TX-221
TX,Hopkins County,TX-223
TX,Houston County,TX-225
TX,Howard County,TX-227
TX,Hudspeth County,TX-229
TX,Hunt County,TX-231
TX,Hutchinson County,TX-233
TX,Irion County,TX-235
TX,Jack County,TX-237
TX,Jackson County,TX-239
TX,Jasper County,TX-241
TX,Jeff Davis County,TX-243
TX,Jefferson County,TX-245
TX,Jim Hogg County,TX-247
TX,Jim Wells County,TX-249
TX,Johnson County,TX-251
TX,Jones County,TX-253
TX,Karnes County,TX-255
TX,Kaufman County,TX-257
TX,Kendall County,TX-259
TX,Kenedy County,TX-261
TX,Kent County,TX-263
TX,Kerr County,TX-265
TX,Kimble County,TX-267
TX,King County,TX-269
TX,Kinney County,TX-271
TX,Kleberg County,TX-273
TX,Knox County,TX-275
TX,Lamar County,TX-277
TX,Lamb County,TX-279
TX,Lampasas County,TX-281
TX,La Salle County,TX-283
TX,Lavaca County,TX-285
TX,Lee County,TX-287
TX,Leon County,TX-289
TX,Liberty County,TX-291
TX,Limestone County,TX-293
TX,Lipscomb County,TX-295
TX,Live Oak County,TX-297
TX,Llano County,TX-299
TX,Loving County,TX-301
TX,Lubbock County,TX-303
TX,Lynn County,TX-305
TX,McCulloch County,TX-307
TX,McLennan County,TX-309
TX,McMullen County,TX-311
TX,Madison County,TX-313
TX,Marion County,TX-315
TX,Martin County,TX-317
TX,Mason County,TX-319
TX,Matagorda County,TX-321
TX,Maverick County,TX-323
TX,Medina County,TX-325
TX,Menard County,TX-327
TX,Midland County,TX-329
TX,Milam County,TX-331
TX,Mills County,TX-333
TX,Mitchell County,TX-335
TX,Montague County,TX-337
TX,Montgomery County,TX-339
TX,Moore County,TX-341
TX,Morris County,TX-343
TX,Motley County,TX-345
TX,Nacogdoches County,TX-347
TX,Navarro County,TX-349
TX,Newton County,TX-351
TX,Nolan County,TX-353
TX,Nueces County,TX-355
TX,Ochiltree County,TX-357
TX,Oldham County,TX-359
TX,Orange County,TX-361
TX,Palo Pinto County,TX-363
TX,Panola County,TX-365
TX,Parker County,TX-367
TX,Parmer County,TX-369
TX,Pecos County,TX-371
TX,Polk County,TX-373
TX,Potter County,TX-375
TX,Presidio County,TX-377
TX,Rains County,TX-379
TX,Randall County,TX-381
TX,Reagan County,TX-383
TX,Real County,TX-385
TX,Red River County,TX-387
TX,Reeves County,TX-389
TX,Refugio County,TX-391
TX,Roberts County,TX-393
TX,Robertson County,TX-395
TX,Rockwall County,TX-397
TX,Runnels County,TX-399
TX,Rusk County,TX-401
TX,Sabine County,TX-403
TX,San Augustine County,TX-405
TX,San Jacinto County,TX-407
TX,San Patricio County,TX-409
TX,San Saba County,TX-411
TX,Schleicher County,TX-413
TX,Scurry County,TX-415
TX,Shackelford County,TX-417
TX,Shelby County,TX-419
TX,Sherman County,TX-421
TX,Smith County,TX-423
TX,Somervell County,TX-425
TX,Starr County,TX-427
TX,Stephens County,TX-429
TX,Sterling County,TX-431
TX,Stonewall County,TX-433
TX,Sutton County,TX-435
TX,Swisher County,TX-437
TX,Tarrant County,TX-439
TX,Taylor County,TX-441
TX,Terrell County,TX-443
TX,Terry County,TX-445
TX,Throckmorton County,TX-447
TX,Titus County,TX-449
TX,Tom Green County,TX-451
TX,Travis County,TX-453
TX,Trinity County,TX-455
TX,Tyler County,TX-457
TX,Upshur County,TX-459
TX,Upton County,TX-461
TX,Uvalde County,TX-463
TX,Val Verde County,TX-465
TX,Van Zandt County,TX-467
TX,Victoria County,TX-469
TX,Walker County,TX-471
TX,Waller County,TX-473
TX,Ward County,TX-475
TX,Washington County,TX-477
TX,Webb County,TX-479
TX,Wharton County,TX-481
TX,Wheeler County,TX-483
TX,Wichita County,TX-485
TX,Wilbarger County,TX-487
TX,Willacy County,TX-489
TX,Williamson County,TX-491
TX,Wilson County,TX-493
TX,Winkler County,TX-495
TX,Wise County,TX-497
TX,Wood County,TX-499
TX,Yoakum County,TX-501
TX,Young County,TX-503
TX,Zapata County,TX-505
TX,Zavala County,TX-507
UT,Beaver County,UT-001
UT,Box Elder County,UT-003
UT,Cache County,UT-005
UT,Carbon County,UT-007
UT,Daggett County,UT-009
UT,Davis County,UT-011
UT,Duchesne County,UT-013
UT,Emery County,UT-015
UT,Garfield County,UT-017
UT,Grand County,UT-019
UT,Iron County,UT-021
UT,Juab County,UT-023
UT,Kane County,UT-025
UT,Millard County,UT-027
UT,Morgan County,UT-029
UT,Piute County,UT-031
UT,Rich County,UT-033
UT,Salt Lake County,UT-035
UT,San Juan County,UT-037
UT,Sanpete County,UT-039
UT,Sevier County,UT-041
UT,Summit County,UT-043
UT,Tooele County,UT-045
UT,Uintah County,UT-047
UT,Utah County,UT-049
UT,Wasatch County,UT-051
UT,Washington County,UT-053
UT,Wayne County,UT-055
UT,Weber County,UT-057
VT,Addison County,VT-001
VT,Bennington County,VT-003
VT,Caledonia County,VT-005
VT,Chittenden County,VT-007
VT,Essex County,VT-009
VT,Franklin County,VT-011
VT,Grand Isle County,VT-013
VT,Lamoille County,VT-015
VT,Orange County,VT-017
VT,Orleans County,VT-019
VT,Rutland County,VT-021
VT,Washington County,VT-023
VT,Windham County,VT-025
VT,Windsor County,VT-027
VA,Accomack County,VA-001
VA,Albemarle County,VA-003
VA,Alleghany County,VA-005
VA,Amelia County,VA-007
VA,Amherst County,VA-009
VA,Appomattox County,VA-011
VA,Arlington County,VA-013
VA,Augusta County,VA-015
VA,Bath County,VA-017
VA,Bedford County,VA-019
VA,Bland County,VA-021
VA,Botetourt County,VA-023
VA,Brunswick County,VA-025
VA,Buchanan County,VA-027
VA,Buckingham County,VA-029
VA,Campbell County,VA-031
VA,Caroline County,VA-033
VA,Carroll County,VA-035
VA,Charles City County,VA-036
VA,Charlotte County,VA-037
VA,Chesterfield County,VA-041
VA,Clarke County,VA-043
VA,Craig County,VA-045
VA,Culpeper County,VA-047
VA,Cumberland County,VA-049
VA,Dickenson County,VA-051
VA,Dinwiddie County,VA-053
VA,Essex County,VA-057
VA,Fairfax County,VA-059
VA,Fauquier County,VA-061
VA,Floyd County,VA-063
VA,Fluvanna County,VA-065
VA,Franklin County,VA-067
VA,Frederick County,VA-069
VA,Giles County,VA-071
VA,Gloucester County,VA-073
VA,Goochland County,VA-075
VA,Grayson County,VA-077
VA,Greene County,VA-079
VA,Greensville County,VA-081
VA,Halifax County,VA-083
VA,Hanover County,VA-085
VA,Henrico County,VA-087
VA,Henry County,VA-089
VA,Highland County,VA-091
VA,Isle of Wight County,VA-093
VA,James City County,VA-095
VA,King and Queen County,VA-097
VA,King George County,VA-099
VA,King William County,VA-101
VA,Lancaster County,VA-103
VA,Lee County,VA-105
VA,Loudoun County,VA-107
VA,Louisa County,VA-109
VA,Lunenburg County,VA-111
VA,Madison County,VA-113
VA,Mathews County,VA-115
VA,Mecklenburg County,VA-117
VA,Middlesex County,VA-119
VA,Montgomery County,VA-121
VA,Nelson County,VA-125
VA,New Kent County,VA-127
VA,Northampton County,VA-131
VA,Northumberland County,VA-133
VA,Nottoway County,VA-135
VA,Orange County,VA-137
VA,Page County,VA-139
VA,Patrick County,VA-141
VA,Pittsylvania County,VA-143
VA,Powhatan County,VA-145
VA,Prince Edward County,VA-147
VA,Prince George County,VA-149
VA,Prince William County,VA-153
VA,Pulaski County,VA-155
VA,Rappahannock County,VA-157
VA,Richmond County,VA-159
VA,Roanoke County,VA-161
VA,Rockbridge County,VA-163
VA,Rockingham County,VA-165
VA,Russell County,VA-167
VA,Scott County,VA-169
VA,Shenandoah County,VA-171
VA,Smyth County,VA-173
VA,Southampton County,VA-175
VA,Spotsylvania County,VA-177
VA,Stafford County,VA-179
VA,Surry County,VA-181
VA,Sussex County,VA-183
VA,Tazewell County,VA-185
VA,Warren County,VA-187
VA,Washington County,VA-191
VA,Westmoreland County,VA-193
VA,Wise County,VA-195
VA,Wythe County,VA-197
VA,York County,VA-199
VA,Alexandria City,VA-510
VA,Bristol City,VA-520
VA,Buena Vista City,VA-530
VA,Charlottesville City,VA-540
VA,Chesapeake City,VA-550
VA,Colonial Heights City,VA-570
VA,Covington City,VA-580
VA,Danville City,VA-590
VA,Emporia City,VA-595
VA,Fairfax City,VA-600
VA,Falls Church City,VA-610
VA,Franklin City,VA-620
VA,Fredericksburg City,VA-630
VA,Galax City,VA-640
VA,Hampton City,VA-650
VA,Harrisonburg City,VA-660
VA,Hopewell City,VA-670
VA,Lexington City,VA-678
VA,Lynchburg City,VA-680
VA,Manassas City,VA-683
VA,Manassas Park City,VA-685
VA,Martinsville City,VA-690
VA,Newport News City,VA-700
VA,Norfolk City,VA-710
VA,Norton City,VA-720
VA,Petersburg City,VA-730
VA,Poquoson City,VA-735
VA,Portsmouth City,VA-740
VA,Radford City,VA-750
VA,Richmond City,VA-760
VA,Roanoke City,VA-770
VA,Salem City,VA-775
VA,Staunton City,VA-790
VA,Suffolk City,VA-800
VA,Virginia Beach City,VA-810
VA,Waynesboro City,VA-820
VA,Williamsburg City,VA-830
VA,Winchester City,VA-840
WA,Adams County,WA-001
WA,Asotin County,WA-003
WA,Benton County,WA-005
WA,Chelan County,WA-007
WA,Clallam County,WA-009
WA,Clark County,WA-011
WA,Columbia County,WA-013
WA,Cowlitz County,WA-015
WA,Douglas County,WA-017
WA,Ferry County,WA-019
WA,Franklin County,WA-021
WA,Garfield County,WA-023
WA,Grant County,WA-025
WA,Grays Harbor County,WA-027
WA,Island County,WA-029
WA,Jefferson County,WA-031
WA,King County,WA-033
WA,Kitsap County,WA-035
WA,Kittitas County,WA-037
WA,Klickitat County,WA-039
WA,Lewis County,WA-041
WA,Lincoln County,WA-043
WA,Mason County,WA-045
WA,Okanogan County,WA-047
WA,Pacific County,WA-049
WA,Pend Oreille County,WA-051
WA,Pierce County,WA-053
WA,San Juan County,WA-055
WA,Skagit County,WA-057
WA,Skamania County,WA-059
WA,Snohomish County,WA-061
WA,Spokane County,WA-063
WA,Stevens County,WA-065
WA,Thurston County,WA-067
WA,Wahkiakum County,WA-069
WA,Walla Walla County,WA-071
WA,Whatcom County,WA-073
WA,Whitman County,WA-075
WA,Yakima County,WA-077
WV,Barbour County,WV-001
WV,Berkeley County,WV-003
WV,Boone County,WV-005
WV,Braxton County,WV-007
WV,Brooke County,WV-009
WV,Cabell County,WV-011
WV,Calhoun County,WV-013
WV,Clay County,WV-015
WV,Doddridge County,WV-017
WV,Fayette County,WV-019
WV,Gilmer County,WV-021
WV,Grant County,WV-023
WV,Greenbrier County,WV-025
WV,Hampshire County,WV-027
WV,Hancock County,WV-029
WV,Hardy County,WV-031
WV,Harrison County,WV-033
WV,Jackson County,WV-035
WV,Jefferson County,WV-037
WV,Kanawha County,WV-039
WV,Lewis County,WV-041
WV,Lincoln County,WV-043
WV,Logan County,WV-045
WV,McDowell County,WV-047
WV,Marion County,WV-049
WV,Marshall County,WV-051
WV,Mason County,WV-053
WV,Mercer County,WV-055
WV,Mineral County,WV-057
WV,Mingo County,WV-059
WV,Monongalia County,WV-061
WV,Monroe County,WV-063
WV,Morgan County,WV-065
WV,Nicholas County,WV-067
WV,Ohio County,WV-069
WV,Pendleton County,WV-071
WV,Pleasants County,WV-073
WV,Pocahontas County,WV-075
WV,Preston County,WV-077
WV,Putnam County,WV-079
WV,Raleigh County,WV-081
WV,Randolph County,WV-083
WV,Ritchie County,WV-085
WV,Roane County,WV-087
WV,Summers County,WV-089
WV,Taylor County,WV-091
WV,Tucker County,WV-093
WV,Tyler County,WV-095
WV,Upshur County,WV-097
WV,Wayne County,WV-099
WV,Webster County,WV-101
WV,Wetzel County,WV-103
WV,Wirt County,WV-105
WV,Wood County,WV-107
WV,Wyoming County,WV-109
WI,Adams County,WI-001
WI,Ashland County,WI-003
WI,Barron County,WI-005
WI,Bayfield County,WI-007
WI,Brown County,WI-009
WI,Buffalo County,WI-011
WI,Burnett County,WI-013
WI,Calumet County,WI-015
WI,Chippewa County,WI-017
WI,Clark County,WI-019
WI,Columbia County,WI-021
WI,Crawford County,WI-023
WI,Dane County,WI-025
WI,Dodge County,WI-027
WI,Door County,WI-029
WI,Douglas County,WI-031
WI,Dunn County,WI-033
WI,Eau Claire County,WI-035
WI,Florence County,WI-037
WI,Fond du Lac County,WI-039
WI,Forest County,WI-041
WI,Grant County,WI-043
WI,Green County,WI-045
WI,Green Lake County,WI-047
WI,Iowa County,WI-049
WI,Iron County,WI-051
WI,Jackson County,WI-053
WI,Jefferson County,WI-055
WI,Juneau County,WI-057
WI,Kenosha County,WI-059
WI,Kewaunee County,WI-061
WI,La Crosse County,WI-063
WI,Lafayette County,WI-065
WI,Langlade County,WI-067
WI,Lincoln County,WI-069
WI,Manitowoc County,WI-071
WI,Marathon County,WI-073
WI,Marinette County,WI-075
WI,Marquette County,WI-077
WI,Menominee County,WI-078
WI,Milwaukee County,WI-079
WI,Monroe County,WI-081
WI,Oconto County,WI-083
WI,Oneida County,WI-085
WI,Outagamie County,WI-087
WI,Ozaukee County,WI-089
WI,Pepin County,WI-091
WI,Pierce County,WI-093
WI,Polk County,WI-095
WI,Portage County,WI-097
WI,Price County,WI-099
WI,Racine County,WI-101
WI,Richland County,WI-103
WI,Rock County,WI-105
WI,Rusk County,WI-107
WI,St. Croix County,WI-109
WI,Sauk County,WI-111
WI,Sawyer County,WI-113
WI,Shawano County,WI-115
WI,Sheboygan County,WI-117
WI,Taylor County,WI-119
WI,Trempealeau County,WI-121
WI,Vernon County,WI-123
WI,Vilas County,WI-125
WI,Walworth County,WI-127
WI,Washburn County,WI-129
WI,Washington County,WI-131
WI,Waukesha County,WI-133
WI,Waupaca County,WI-135
WI,Waushara County,WI-137
WI,Winnebago County,WI-139
WI,Wood County,WI-141
WY,Albany County,WY-001
WY,Big Horn County,WY-003
WY,Campbell County,WY-005
WY,Carbon County,WY-007
WY,Converse County,WY-009
WY,Crook County,WY-011
WY,Fremont County,WY-013
WY,Goshen County,WY-015
WY,Hot Springs County,WY-017
WY,Johnson County,WY-019
WY,Laramie County,WY-021
WY,Lincoln County,WY-023
WY,Natrona County,WY-025
WY,Niobrara County,WY-027
WY,Park County,WY-029
WY,Platte County,WY-031
WY,Sheridan County,WY-033
WY,Sublette County,WY-035
WY,Sweetwater County,WY-037
WY,Teton County,WY-039
WY,Uinta County,WY-041
WY,Washakie County,WY-043
WY,Weston County,WY-045